category_code,service_code,display_name
ELECTRICIAN,HOME_WIRING_INSTALLATION,Home Wiring Installation
ELECTRICIAN,HOME_REWIRING,Home Rewiring
ELECTRICIAN,SWITCHBOARD_INSTALLATION,Switchboard Installation
ELECTRICIAN,SWITCHBOARD_REPAIR,Switchboard Repair / Replacement
ELECTRICIAN,MCB_BOX_INSTALLATION,MCB / Distribution Box Installation
ELECTRICIAN,FUSE_BOX_REPAIR,Fuse Box Repair / Replacement
ELECTRICIAN,SHORT_CIRCUIT_REPAIR,Short Circuit / Tripping Repair
ELECTRICIAN,FAN_INSTALLATION,Ceiling / Wall Fan Installation
ELECTRICIAN,FAN_REPAIR,Fan Repair
ELECTRICIAN,CEILING_FAN_INSTALLATION,Ceiling Fan Installation
ELECTRICIAN,EXHAUST_FAN_INSTALLATION,Exhaust Fan Installation
ELECTRICIAN,LIGHT_FIXTURE_INSTALLATION,Light / Fixture Installation
ELECTRICIAN,LIGHT_FIXTURE_REPAIR,Light / Fixture Repair
ELECTRICIAN,LED_LIGHT_INSTALLATION,LED Light Installation
ELECTRICIAN,TUBE_LIGHT_INSTALLATION,Tube Light Installation
ELECTRICIAN,CHANDELIER_INSTALLATION,Chandelier Installation
ELECTRICIAN,DOORBELL_INSTALLATION,Doorbell Installation
ELECTRICIAN,DOORBELL_REPAIR,Doorbell Repair
ELECTRICIAN,INTERCOM_WIRING,Intercom Installation / Wiring
ELECTRICIAN,INVERTER_INSTALLATION,Home Inverter Installation
ELECTRICIAN,INVERTER_REPAIR,Inverter Repair
ELECTRICIAN,STABILIZER_INSTALLATION,Voltage Stabilizer Installation
ELECTRICIAN,GENERATOR_WIRING,Generator Wiring
ELECTRICIAN,GENERATOR_REPAIR,Generator Repair
ELECTRICIAN,GEYSER_WIRING_INSTALLATION,Geyser Electrical Connection
ELECTRICIAN,WATER_HEATER_WIRING,Water Heater Wiring
ELECTRICIAN,AC_POINT_INSTALLATION,AC Power Point Installation
ELECTRICIAN,AC_WIRING,AC Wiring
ELECTRICIAN,WASHING_MACHINE_POINT_INSTALLATION,Washing Machine Power Point
ELECTRICIAN,REFRIGERATOR_POINT_INSTALLATION,Refrigerator Power Point
ELECTRICIAN,MICROWAVE_POINT_INSTALLATION,Microwave Power Point
ELECTRICIAN,KITCHEN_CHIMNEY_WIRING,Kitchen Chimney Electrical Connection
ELECTRICIAN,MODULAR_SWITCH_INSTALLATION,Modular Switch Installation
ELECTRICIAN,MODULAR_SWITCH_REPAIR,Modular Switch Repair
ELECTRICIAN,EXTENSION_BOARD_WIRING,Extension Board Repair / Wiring
ELECTRICIAN,EXTENSION_BOARD_REPAIR,Extension Board Repair
ELECTRICIAN,WALL_SOCKET_INSTALLATION,Wall Socket Installation
ELECTRICIAN,WALL_SOCKET_REPAIR,Wall Socket Repair / Replacement
ELECTRICIAN,EARTHING_INSTALLATION,Home Earthing Installation
ELECTRICIAN,EARTHING_REPAIR,Earthing Repair
ELECTRICIAN,ELECTRICAL_SAFETY_INSPECTION,Electrical Safety Check
ELECTRICIAN,ELECTRICAL_LOAD_CALCULATION,Electrical Load / Capacity Check
ELECTRICIAN,ELECTRICAL_PANEL_UPGRADE,Electrical Panel Upgrade
ELECTRICIAN,CIRCUIT_BREAKER_REPLACEMENT,MCB / Circuit Breaker Replacement
ELECTRICIAN,WIRE_INSULATION_REPAIR,Damaged Wire / Insulation Repair
ELECTRICIAN,UNDERGROUND_WIRING,Underground Electrical Wiring
ELECTRICIAN,OUTDOOR_LIGHTING_INSTALLATION,Outdoor Lighting Installation
ELECTRICIAN,GARDEN_LIGHTING_INSTALLATION,Garden Lighting
ELECTRICIAN,SECURITY_LIGHT_INSTALLATION,Security Light Installation
ELECTRICIAN,MOTION_SENSOR_LIGHT_INSTALLATION,Motion Sensor Light Installation
ELECTRICIAN,SMART_SWITCH_INSTALLATION,Smart Switch Installation
ELECTRICIAN,SMART_LIGHT_INSTALLATION,Smart Light Installation
ELECTRICIAN,HOME_AUTOMATION_WIRING,Home Automation Wiring
ELECTRICIAN,CCTV_POWER_WIRING,CCTV Power & Wiring
ELECTRICIAN,SOLAR_PANEL_WIRING,Solar Panel Electrical Wiring
ELECTRICIAN,SOLAR_INVERTER_INSTALLATION,Solar Inverter Installation
ELECTRICIAN,EV_CHARGER_INSTALLATION,EV Charger Installation
ELECTRICIAN,EV_CHARGING_POINT_WIRING,EV Charging Point Installation / Wiring
ELECTRICIAN,ELECTRIC_DOOR_LOCK_WIRING,Electric Door Lock Wiring
ELECTRICIAN,ELECTRIC_GATE_WIRING,Electric Gate Wiring
ELECTRICIAN,WATER_PUMP_WIRING,Water Pump Wiring
ELECTRICIAN,WATER_PUMP_MOTOR_REPAIR,Water Pump / Motor Repair
ELECTRICIAN,BOREWELL_MOTOR_WIRING,Borewell Motor Wiring
ELECTRICIAN,SUBMERSIBLE_PUMP_WIRING,Submersible Pump Wiring
ELECTRICIAN,AIR_CURTAIN_INSTALLATION,Air Curtain Installation
ELECTRICIAN,ELECTRIC_CHIMNEY_REPAIR,Electric Chimney Repair
ELECTRICIAN,ELECTRIC_GEYSER_REPAIR,Electric Geyser Repair
ELECTRICIAN,VOLTAGE_STABILIZER_REPAIR,Voltage Stabilizer Repair
ELECTRICIAN,UPS_INSTALLATION,UPS / Inverter Installation
ELECTRICIAN,UPS_REPAIR,UPS Repair
ELECTRICIAN,BATTERY_BACKUP_WIRING,Battery Backup Wiring
ELECTRICIAN,METER_BOX_INSTALLATION,Meter Box Installation
ELECTRICIAN,ELECTRIC_METER_REPAIR,Electric Meter Repair
ELECTRICIAN,THREE_PHASE_WIRING,Three-Phase Electrical Wiring
ELECTRICIAN,INDUSTRIAL_WIRING,Industrial Electrical Wiring
ELECTRICIAN,COMMERCIAL_WIRING,Commercial Electrical Wiring
ELECTRICIAN,OFFICE_WIRING,Office Electrical Wiring
ELECTRICIAN,SHOP_WIRING,Shop Electrical Wiring
ELECTRICIAN,SHOWROOM_LIGHTING_SETUP,Showroom Lighting Setup
ELECTRICIAN,FALSE_CEILING_LIGHTING,False Ceiling Lights Installation
ELECTRICIAN,COVE_LIGHTING_INSTALLATION,Cove Lighting Installation
ELECTRICIAN,SPOTLIGHT_INSTALLATION,Spotlight Installation
ELECTRICIAN,TRACK_LIGHTING_INSTALLATION,Track Light Installation
ELECTRICIAN,EMERGENCY_LIGHT_INSTALLATION,Emergency Light Installation
ELECTRICIAN,EMERGENCY_LIGHT_REPAIR,Emergency Light Repair
ELECTRICIAN,FIRE_ALARM_WIRING,Fire Alarm Wiring
ELECTRICIAN,SMOKE_DETECTOR_WIRING,Smoke Detector Installation
ELECTRICIAN,HOT_PLATE_WIRING,Hot Plate Wiring
ELECTRICIAN,INDUCTION_COOKTOP_WIRING,Induction Cooktop Wiring
ELECTRICIAN,ELECTRIC_OVEN_WIRING,Electric Oven Wiring
ELECTRICIAN,BATHROOM_EXHAUST_WIRING,Bathroom Exhaust Wiring
ELECTRICIAN,BATHROOM_HEATER_INSTALLATION,Bathroom Heater Installation
ELECTRICIAN,ROOM_HEATER_WIRING,Room Heater Wiring
ELECTRICIAN,ELECTRIC_CURTAIN_WIRING,Electric Curtain Wiring
ELECTRICIAN,AUTOMATIC_GATE_MOTOR_WIRING,Automatic Gate Motor Wiring
ELECTRICIAN,ELEVATOR_WIRING,Elevator Wiring
ELECTRICIAN,STAIRCASE_LIGHTING,Staircase Lighting
ELECTRICIAN,AMPLIFIER_AND_SPEAKER_WIRING,Amplifier and Speaker Wiring
ELECTRICIAN,DOORFRAME_SENSOR_WIRING,Doorframe Sensor Wiring
ELECTRICIAN,ELECTRIC_FENCE_WIRING,Electric Fence Installation / Wiring
PLUMBER,TAP_INSTALLATION,Tap Installation
PLUMBER,TAP_REPAIR,Tap Repair
PLUMBER,PIPE_LEAK_REPAIR,Pipe Leakage Repair
PLUMBER,PIPE_FITTING_INSTALLATION,Pipe Fittings Installation
PLUMBER,PIPE_REPLACEMENT,Pipe Replacement
PLUMBER,BATHROOM_FITTING,Bathroom Fittings Installation
PLUMBER,KITCHEN_SINK_INSTALLATION,Kitchen Sink Installation
PLUMBER,KITCHEN_SINK_REPAIR,Kitchen Sink Repair
PLUMBER,WASH_BASIN_INSTALLATION,Wash Basin Installation
PLUMBER,WASH_BASIN_REPAIR,Wash Basin Repair
PLUMBER,TOILET_INSTALLATION,Toilet Installation
PLUMBER,TOILET_REPAIR,Toilet Repair
PLUMBER,FLUSH_TANK_REPAIR,Flush Tank Repair
PLUMBER,FLUSH_TANK_INSTALLATION,Flush Tank Installation
PLUMBER,SHOWER_INSTALLATION,Shower Installation
PLUMBER,SHOWER_REPAIR,Shower Repair
PLUMBER,WATER_HEATER_INSTALLATION,Water Heater Installation
PLUMBER,WATER_HEATER_REPAIR,Water Heater Repair
PLUMBER,GEYSER_INSTALLATION,Geyser Installation
PLUMBER,GEYSER_REPAIR,Geyser Repair
PLUMBER,WATER_TANK_CLEANING,Water Tank Cleaning
PLUMBER,WATER_TANK_INSTALLATION,Water Tank Installation
PLUMBER,WATER_TANK_LEAK_REPAIR,Water Tank Leakage Repair
PLUMBER,OVERHEAD_TANK_FITTING,Overhead Tank Fitting
PLUMBER,UNDERGROUND_TANK_FITTING,Underground Tank Fitting
PLUMBER,DRAINAGE_CLEANING,Drain Cleaning
PLUMBER,DRAIN_PIPE_UNCLOGGING,Blocked Drain / Pipe Cleaning
PLUMBER,SEWER_LINE_CLEANING,Sewer Line Cleaning
PLUMBER,SEWER_PIPE_REPAIR,Sewer Pipe Repair
PLUMBER,BATHROOM_RENOVATION_PLUMBING,Bathroom Renovation Plumbing
PLUMBER,KITCHEN_RENOVATION_PLUMBING,Kitchen Renovation Plumbing
PLUMBER,WATER_MOTOR_INSTALLATION,Water Motor Installation
PLUMBER,WATER_MOTOR_REPAIR,Water Motor Repair
PLUMBER,SUBMERSIBLE_PUMP_INSTALLATION,Submersible Pump Installation
PLUMBER,BOREWELL_PIPE_FITTING,Borewell Pipe Fitting
PLUMBER,RO_WATER_PURIFIER_PLUMBING,RO / Water Purifier Plumbing
PLUMBER,WATER_FILTER_INSTALLATION,Water Filter Installation
PLUMBER,WATER_SOFTENER_INSTALLATION,Water Softener Installation
PLUMBER,SUMP_CLEANING,Sump Cleaning
PLUMBER,SUMP_PUMP_REPAIR,Sump Pump Repair
PLUMBER,PIPE_INSULATION,Pipe Insulation
PLUMBER,COPPER_PIPE_FITTING,Copper Pipe Fitting
PLUMBER,PVC_PIPE_FITTING,PVC Pipe Fitting
PLUMBER,CPVC_PIPE_FITTING,CPVC Pipe Fitting
PLUMBER,ANGLE_VALVE_INSTALLATION,Angle Valve Installation
PLUMBER,ANGLE_VALVE_REPAIR,Angle Valve Repair
PLUMBER,MIXER_TAP_INSTALLATION,Mixer Tap Installation
PLUMBER,HEALTH_FAUCET_INSTALLATION,Health Faucet / Jet Spray Installation
PLUMBER,HEALTH_FAUCET_REPAIR,Health Faucet / Jet Spray Repair
PLUMBER,BIDET_INSTALLATION,Bidet Installation
PLUMBER,WATER_METER_INSTALLATION,Water Meter Installation
PLUMBER,WATER_METER_REPAIR,Water Meter Repair
PLUMBER,GAS_PIPELINE_FITTING,Gas Pipeline Fitting
PLUMBER,SOLAR_WATER_HEATER_PLUMBING,Solar Water Heater Plumbing
PLUMBER,FIRE_SPRINKLER_PLUMBING,Fire Sprinkler Plumbing
PLUMBER,WATER_PRESSURE_BOOSTER_INSTALLATION,Water Pressure Booster Installation
PLUMBER,SINK_TRAP_REPAIR,Sink Trap / Waste Pipe Repair
PLUMBER,P_TRAP_INSTALLATION,P-Trap Installation
PLUMBER,BATHROOM_WATERPROOFING,Bathroom Waterproofing
PLUMBER,KITCHEN_WATERPROOFING,Kitchen Waterproofing
PLUMBER,TERRACE_WATERPROOFING_PLUMBING,Terrace Waterproofing Plumbing
PLUMBER,FRENCH_DRAIN_INSTALLATION,French Drain Installation
PLUMBER,STORMWATER_DRAIN_FITTING,Stormwater Drain Fitting
PLUMBER,GARDEN_IRRIGATION_PLUMBING,Garden Irrigation Plumbing
PLUMBER,SWIMMING_POOL_PLUMBING,Swimming Pool Plumbing
PLUMBER,WATER_SOFTENER_REPAIR,Water Softener Repair
PLUMBER,COMMODE_SEAT_REPLACEMENT,Toilet Seat Replacement
PLUMBER,WALL_MOUNTED_TOILET_INSTALLATION,Wall Mounted Toilet Installation
PLUMBER,SINK_FAUCET_REPLACEMENT,Sink Faucet Replacement
PLUMBER,KITCHEN_FAUCET_REPAIR,Kitchen Faucet Repair
PLUMBER,WASHBASIN_PIPE_LEAK_FIX,Washbasin Pipe Leak Fix
PLUMBER,BATHROOM_PIPE_LEAK_FIX,Bathroom Pipe Leak Fix
PLUMBER,WATER_LINE_EXTENSION,New Water Line Extension
PLUMBER,NEW_BATHROOM_PLUMBING_SETUP,New Bathroom Plumbing
PLUMBER,NEW_KITCHEN_PLUMBING_SETUP,New Kitchen Plumbing
PLUMBER,WATER_INLET_VALVE_REPAIR,Water Inlet Valve Repair
PLUMBER,OUTLET_PIPE_FITTING,Outlet Pipe Fitting
PLUMBER,SEPTIC_TANK_PLUMBING,Septic Tank Plumbing
PLUMBER,GREASE_TRAP_INSTALLATION,Grease Trap Installation
PLUMBER,COMMERCIAL_KITCHEN_PLUMBING,Commercial Kitchen Plumbing
PLUMBER,OFFICE_WASHROOM_PLUMBING,Office Washroom Plumbing
PLUMBER,HOSTEL_PLUMBING_SETUP,Hostel Plumbing Setup
PLUMBER,APARTMENT_PLUMBING_MAINTENANCE,Apartment Plumbing Maintenance
PLUMBER,EMERGENCY_PIPE_BURST_REPAIR,Emergency Pipe Burst Repair
PLUMBER,WATER_HAMMER_FIX,Water Hammer / Pipe Noise Fix
PLUMBER,LOW_WATER_PRESSURE_FIX,Low Water Pressure Fix
PLUMBER,BLOCKED_TOILET_FIX,Blocked Toilet Repair
PLUMBER,BLOCKED_SINK_FIX,Blocked Sink Repair
PLUMBER,BATHTUB_INSTALLATION,Bathtub Installation
PLUMBER,BATHTUB_REPAIR,Bathtub Repair
PLUMBER,JACUZZI_PLUMBING,Jacuzzi Plumbing
PLUMBER,STEAM_ROOM_PLUMBING,Steam Room Plumbing
PLUMBER,WATER_COOLER_PLUMBING,Water Cooler Plumbing
PLUMBER,AQUARIUM_PLUMBING_SETUP,Aquarium Plumbing Setup
CARPENTER,WARDROBE_INSTALLATION,Wardrobe Installation
CARPENTER,WARDROBE_REPAIR,Wardrobe Repair
CARPENTER,MODULAR_KITCHEN_INSTALLATION,Modular Kitchen Installation
CARPENTER,KITCHEN_CABINET_REPAIR,Kitchen Cabinet Repair
CARPENTER,BED_FRAME_ASSEMBLY,Bed Frame Assembly
CARPENTER,BED_FRAME_REPAIR,Bed Frame Repair
CARPENTER,SOFA_REPAIR,Sofa Repair
CARPENTER,CHAIR_REPAIR,Chair Repair
CARPENTER,TABLE_REPAIR,Table Repair
CARPENTER,DINING_TABLE_ASSEMBLY,Dining Table Assembly
CARPENTER,STUDY_TABLE_INSTALLATION,Study Table Installation
CARPENTER,BOOKSHELF_INSTALLATION,Bookshelf Installation
CARPENTER,BOOKSHELF_REPAIR,Bookshelf Repair
CARPENTER,TV_UNIT_INSTALLATION,TV Unit Installation
CARPENTER,TV_UNIT_REPAIR,TV Unit Repair
CARPENTER,SHOE_RACK_INSTALLATION,Shoe Rack Installation
CARPENTER,DOOR_INSTALLATION,Door Installation
CARPENTER,DOOR_REPAIR,Door Repair
CARPENTER,DOOR_FRAME_REPAIR,Door Frame Repair
CARPENTER,WINDOW_FRAME_REPAIR,Window Frame Repair
CARPENTER,WINDOW_INSTALLATION,Window Installation
CARPENTER,CUPBOARD_INSTALLATION,Cupboard Installation
CARPENTER,CUPBOARD_REPAIR,Cupboard Repair
CARPENTER,DRAWER_REPAIR,Drawer Repair
CARPENTER,DRAWER_TRACK_REPLACEMENT,Drawer Track Replacement
CARPENTER,HINGE_REPLACEMENT,Hinge Replacement
CARPENTER,LOCK_FITTING,Lock Fitting
CARPENTER,HANDLE_REPLACEMENT,Handle Replacement
CARPENTER,FALSE_CEILING_CARPENTRY,False Ceiling Carpentry
CARPENTER,PARTITION_WALL_INSTALLATION,Partition Wall Installation
CARPENTER,WOODEN_PARTITION,Wooden Partition
CARPENTER,LOFT_INSTALLATION,Loft Installation
CARPENTER,STORAGE_LOFT_REPAIR,Storage Loft Repair
CARPENTER,WOODEN_FLOORING_INSTALLATION,Wooden Flooring Installation
CARPENTER,WOODEN_FLOORING_REPAIR,Wooden Flooring Repair
CARPENTER,LAMINATE_FLOORING_INSTALLATION,Laminate Flooring Installation
CARPENTER,PLYWOOD_CUTTING_AND_FITTING,Plywood Cutting and Fitting
CARPENTER,FURNITURE_POLISHING,Furniture Polishing
CARPENTER,FURNITURE_REPOLISHING,Furniture Repolishing
CARPENTER,FURNITURE_ASSEMBLY,Furniture Assembly
CARPENTER,FURNITURE_DISASSEMBLY,Furniture Disassembly
CARPENTER,CUSTOM_FURNITURE_MAKING,Custom Furniture Making
CARPENTER,WOODEN_STAIRCASE_REPAIR,Wooden Staircase Repair
CARPENTER,WOODEN_RAILING_INSTALLATION,Wooden Railing Installation
CARPENTER,POOJA_ROOM_UNIT_INSTALLATION,Pooja Room Unit Installation
CARPENTER,CROCKERY_UNIT_INSTALLATION,Crockery Unit Installation
CARPENTER,DRESSING_TABLE_INSTALLATION,Dressing Table Installation
CARPENTER,DRESSING_TABLE_REPAIR,Dressing Table Repair
CARPENTER,WOODEN_CEILING_DESIGN,Wooden Ceiling Design
CARPENTER,PANELLING_INSTALLATION,Panelling Installation
CARPENTER,WALL_PANELLING,Wall Panelling
CARPENTER,WOODEN_PARTITION_REPAIR,Wooden Partition Repair
CARPENTER,BUNK_BED_ASSEMBLY,Bunk Bed Assembly
CARPENTER,KIDS_FURNITURE_ASSEMBLY,Kids Furniture Assembly
CARPENTER,OFFICE_FURNITURE_ASSEMBLY,Office Furniture Assembly
CARPENTER,OFFICE_CABIN_PARTITION,Office Cabin Partition
CARPENTER,WORKSTATION_ASSEMBLY,Workstation Assembly
CARPENTER,RECEPTION_DESK_INSTALLATION,Reception Desk Installation
CARPENTER,WOODEN_DOOR_PAINTING_PREP,Wooden Door Painting Prep
CARPENTER,TERMITE_DAMAGE_REPAIR_CARPENTRY,Termite Damage Repair Carpentry
CARPENTER,WOOD_ROT_REPAIR,Wood Rot Repair
CARPENTER,FURNITURE_LEG_REPLACEMENT,Furniture Leg Replacement
CARPENTER,TABLE_TOP_REPLACEMENT,Table Top Replacement
CARPENTER,CABINET_SHELF_FITTING,Cabinet Shelf Fitting
CARPENTER,SLIDING_DOOR_INSTALLATION,Sliding Door Installation
CARPENTER,SLIDING_WARDROBE_REPAIR,Sliding Wardrobe Repair
CARPENTER,WOODEN_WINDOW_REPAIR,Wooden Window Repair
CARPENTER,WOODEN_GATE_INSTALLATION,Wooden Gate Installation
CARPENTER,WOODEN_GATE_REPAIR,Wooden Gate Repair
CARPENTER,CURTAIN_ROD_FITTING,Curtain Rod Fitting
CARPENTER,BLIND_FITTING_CARPENTRY,Blind Fitting Carpentry
CARPENTER,WOODEN_ALMIRAH_REPAIR,Wooden Almirah Repair
CARPENTER,WOODEN_COT_REPAIR,Wooden Cot Repair
CARPENTER,WOODEN_COT_ASSEMBLY,Wooden Cot Assembly
CARPENTER,STUDY_CHAIR_REPAIR,Study Chair Repair
CARPENTER,WOODEN_PARTITION_CABIN,Wooden Partition Cabin
CARPENTER,WOODEN_CEILING_PANEL_REPAIR,Wooden Ceiling Panel Repair
CARPENTER,WOODEN_SKIRTING_INSTALLATION,Wooden Skirting Installation
CARPENTER,KITCHEN_TROLLEY_INSTALLATION,Kitchen Trolley Installation
CARPENTER,WOODEN_TROLLEY_REPAIR,Wooden Trolley Repair
CARPENTER,WALL_MOUNTED_SHELF_INSTALLATION,Wall Mounted Shelf Installation
CARPENTER,WALL_MOUNTED_CABINET_INSTALLATION,Wall Mounted Cabinet Installation
CARPENTER,WOODEN_SOFA_FRAME_REPAIR,Wooden Sofa Frame Repair
CARPENTER,FURNITURE_WATERPROOF_COATING,Furniture Waterproof Coating
CARPENTER,TERMITE_PROOFING_CARPENTRY,Termite Proofing Carpentry
CARPENTER,WOODEN_DECK_INSTALLATION,Wooden Deck Installation
CARPENTER,GARDEN_FURNITURE_REPAIR,Garden Furniture Repair
CARPENTER,OUTDOOR_WOODEN_FURNITURE_MAKING,Outdoor Wooden Furniture Making
CARPENTER,WOODEN_PERGOLA_INSTALLATION,Wooden Pergola Installation
PAINTER,INTERIOR_WALL_PAINTING,Interior Wall Painting
PAINTER,EXTERIOR_WALL_PAINTING,Exterior Wall Painting
PAINTER,CEILING_PAINTING,Ceiling Painting
PAINTER,SINGLE_ROOM_PAINTING,Single Room Painting
PAINTER,FULL_HOME_PAINTING,Full Home Painting
PAINTER,APARTMENT_PAINTING,Apartment Painting
PAINTER,OFFICE_PAINTING,Office Painting
PAINTER,SHOP_PAINTING,Shop Painting
PAINTER,TEXTURE_PAINTING,Texture Painting
PAINTER,WALL_TEXTURE_DESIGN,Wall Texture Design
PAINTER,WALLPAPER_INSTALLATION,Wallpaper Installation
PAINTER,WALLPAPER_REMOVAL,Wallpaper Removal
PAINTER,WATERPROOF_PAINT_COATING,Waterproof Paint Coating
PAINTER,DAMP_WALL_TREATMENT,Damp Wall Treatment
PAINTER,CRACK_FILLING_AND_PAINTING,Crack Filling and Painting
PAINTER,PUTTY_WORK,Putty Work
PAINTER,PRIMER_COATING,Primer Coating
PAINTER,ENAMEL_PAINT_WORK,Enamel Paint Work
PAINTER,WOOD_PAINT_FINISHING,Wood Paint Finishing
PAINTER,METAL_GRILL_PAINTING,Metal Grill Painting
PAINTER,METAL_GATE_PAINTING,Metal Gate Painting
PAINTER,DOOR_PAINTING,Door Painting
PAINTER,WINDOW_PAINTING,Window Painting
PAINTER,WOODEN_FURNITURE_PAINTING,Wooden Furniture Painting
PAINTER,WALL_STENCIL_DESIGN,Wall Stencil Design
PAINTER,TWO_TONE_WALL_PAINTING,Two Tone Wall Painting
PAINTER,ACCENT_WALL_PAINTING,Accent Wall Painting
PAINTER,KIDS_ROOM_THEMED_PAINTING,Kids Room Themed Painting
PAINTER,FALSE_CEILING_PAINTING,False Ceiling Painting
PAINTER,POP_CEILING_PAINTING,POP Ceiling Painting
PAINTER,DISTEMPER_PAINTING,Distemper Painting
PAINTER,EMULSION_PAINT_APPLICATION,Emulsion Paint Application
PAINTER,WEATHERPROOF_EXTERIOR_COATING,Weatherproof Exterior Coating
PAINTER,RUST_REMOVAL_AND_PAINTING,Rust Removal and Painting
PAINTER,GRILL_ANTI_RUST_COATING,Grill Anti Rust Coating
PAINTER,BALCONY_PAINTING,Balcony Painting
PAINTER,TERRACE_WATERPROOF_PAINTING,Terrace Waterproof Painting
PAINTER,COMPOUND_WALL_PAINTING,Compound Wall Painting
PAINTER,BOUNDARY_WALL_PAINTING,Boundary Wall Painting
PAINTER,NEW_CONSTRUCTION_PAINTING,New Construction Painting
PAINTER,REPAINTING_OLD_WALLS,Repainting Old Walls
PAINTER,COLOR_CONSULTATION,Color Consultation
PAINTER,SPRAY_PAINTING_WALLS,Spray Painting Walls
PAINTER,ROLLER_PAINTING,Roller Painting
PAINTER,BRUSH_FINISH_PAINTING,Brush Finish Painting
PAINTER,TEXTURED_CEILING_DESIGN,Textured Ceiling Design
PAINTER,MURAL_PAINTING,Mural Painting
PAINTER,WALL_ART_PAINTING,Wall Art Painting
PAINTER,STAIRCASE_PAINTING,Staircase Painting
PAINTER,CORRIDOR_PAINTING,Corridor Painting
PAINTER,LOBBY_PAINTING,Lobby Painting
PAINTER,BUILDING_EXTERIOR_REPAINTING,Building Exterior Repainting
PAINTER,SOCIETY_BUILDING_PAINTING,Society Building Painting
PAINTER,SCHOOL_PAINTING,School Painting
PAINTER,HOSPITAL_PAINTING,Hospital Painting
PAINTER,RESTAURANT_INTERIOR_PAINTING,Restaurant Interior Painting
PAINTER,SHOWROOM_PAINTING,Showroom Painting
PAINTER,WAREHOUSE_PAINTING,Warehouse Painting
PAINTER,FACTORY_WALL_PAINTING,Factory Wall Painting
PAINTER,FENCE_PAINTING,Fence Painting
PAINTER,GATE_REPAINTING,Gate Repainting
PAINTER,RAILING_PAINTING,Railing Painting
PAINTER,PIPE_PAINTING,Pipe Painting
PAINTER,WATER_TANK_PAINTING_EXTERIOR,Water Tank Painting Exterior
PAINTER,ROOF_PAINTING,Roof Painting
PAINTER,TERRACOTTA_COATING,Terracotta Coating
PAINTER,TEXTURED_EXTERIOR_FINISH,Textured Exterior Finish
PAINTER,SANDBLAST_TEXTURE_FINISH,Sandblast Texture Finish
PAINTER,MARBLE_FINISH_WALL_PAINT,Marble Finish Wall Paint
PAINTER,METALLIC_WALL_FINISH,Metallic Wall Finish
PAINTER,GLOW_IN_DARK_PAINT_APPLICATION,Glow in Dark Paint Application
PAINTER,PU_PAINT_WOOD_FINISH,PU Paint Wood Finish
PAINTER,MELAMINE_POLISH,Melamine Polish
PAINTER,FRENCH_POLISH,French Polish
PAINTER,DUCO_PAINT_FINISH,Duco Paint Finish
PAINTER,LAMINATE_PEEL_OFF_REPAINTING,Laminate Peel Off Repainting
PAINTER,OLD_PAINT_REMOVAL,Old Paint Removal
PAINTER,WALL_SANDING_AND_PREP,Wall Sanding and Prep
PAINTER,CRACK_SEALANT_APPLICATION,Crack Sealant Application
PAINTER,ANTI_FUNGAL_WALL_TREATMENT,Anti Fungal Wall Treatment
PAINTER,HEAT_REFLECTIVE_ROOF_PAINTING,Heat Reflective Roof Painting
CLEANING,FULL_HOME_DEEP_CLEANING,Full Home Deep Cleaning
CLEANING,KITCHEN_DEEP_CLEANING,Kitchen Deep Cleaning
CLEANING,BATHROOM_DEEP_CLEANING,Bathroom Deep Cleaning
CLEANING,SOFA_CLEANING,Sofa Cleaning
CLEANING,CARPET_CLEANING,Carpet Cleaning
CLEANING,MATTRESS_CLEANING,Mattress Cleaning
CLEANING,CURTAIN_CLEANING,Curtain Cleaning
CLEANING,WINDOW_CLEANING,Window Cleaning
CLEANING,BALCONY_CLEANING,Balcony Cleaning
CLEANING,TERRACE_CLEANING,Terrace Cleaning
CLEANING,WATER_TANK_CLEANING,Water Tank Cleaning
CLEANING,CHIMNEY_CLEANING,Chimney Cleaning
CLEANING,FRIDGE_CLEANING,Fridge Cleaning
CLEANING,WASHING_MACHINE_CLEANING,Washing Machine Cleaning
CLEANING,AC_DUCT_CLEANING,AC Duct Cleaning
CLEANING,SOFA_SHAMPOOING,Sofa Shampooing
CLEANING,CARPET_SHAMPOOING,Carpet Shampooing
CLEANING,FLOOR_SCRUBBING,Floor Scrubbing & Machine Cleaning
CLEANING,MARBLE_FLOOR_POLISHING,Marble Floor Polishing
CLEANING,TILE_CLEANING,Tile & Floor Tile Cleaning
CLEANING,GROUT_CLEANING,Tile Grout Cleaning
CLEANING,GLASS_FACADE_CLEANING,Glass Facade Cleaning
CLEANING,OFFICE_CLEANING,Office Cleaning
CLEANING,POST_CONSTRUCTION_CLEANING,Post-Construction Cleaning
CLEANING,MOVE_IN_CLEANING,Move-In Cleaning
CLEANING,MOVE_OUT_CLEANING,Move-Out Cleaning
CLEANING,SOCIETY_COMMON_AREA_CLEANING,Society Common Area Cleaning
CLEANING,PARKING_AREA_CLEANING,Parking Area Cleaning
CLEANING,GARDEN_CLEANING,Garden Cleaning
CLEANING,SWIMMING_POOL_CLEANING,Swimming Pool Cleaning
CLEANING,SOLAR_PANEL_CLEANING,Solar Panel Cleaning
CLEANING,CEILING_FAN_CLEANING,Ceiling Fan Cleaning
CLEANING,LIGHT_FIXTURE_CLEANING,Light Fixture Cleaning
CLEANING,WARDROBE_CLEANING,Wardrobe Cleaning
CLEANING,KITCHEN_CHIMNEY_DEGREASING,Kitchen Chimney Degreasing
CLEANING,GAS_STOVE_DEEP_CLEANING,Gas Stove Deep Cleaning
CLEANING,BATHROOM_TILE_DEGREASING,Bathroom Tile Degreasing
CLEANING,SANITIZATION_SERVICE,Home / Office Sanitization
CLEANING,PEST_FREE_DEEP_CLEANING,Pest Free Deep Cleaning
CLEANING,DUSTING_SERVICE,Dusting & Vacuum Cleaning
CLEANING,VACUUM_CLEANING_SERVICE,Vacuum Cleaning
CLEANING,UPHOLSTERY_CLEANING,Sofa & Upholstery Cleaning
CLEANING,BLINDS_CLEANING,Blinds Cleaning
CLEANING,DOOR_TRACK_CLEANING,Door Track Cleaning
CLEANING,GRILL_CLEANING,Grill Cleaning
CLEANING,BALCONY_GRILL_CLEANING,Balcony Grill Cleaning
CLEANING,COMPOUND_WALL_CLEANING,Compound Wall Cleaning
CLEANING,ROOFTOP_CLEANING,Rooftop Cleaning
CLEANING,BASEMENT_CLEANING,Basement Cleaning
CLEANING,GARAGE_CLEANING,Garage Cleaning
CLEANING,WAREHOUSE_CLEANING,Warehouse Cleaning
CLEANING,RETAIL_STORE_CLEANING,Retail Store Cleaning
CLEANING,RESTAURANT_KITCHEN_CLEANING,Restaurant Kitchen Cleaning
CLEANING,HOSPITAL_CLEANING,Hospital Cleaning
CLEANING,SCHOOL_CLEANING,School Cleaning
CLEANING,EVENT_CLEANING,Event Cleaning
CLEANING,POST_PARTY_CLEANING,Post-Party Cleanup
CLEANING,FESTIVAL_DEEP_CLEANING,Festival Deep Cleaning
CLEANING,DIWALI_DEEP_CLEANING,Diwali Deep Cleaning
CLEANING,WEEKLY_HOME_CLEANING,Weekly Home Cleaning
CLEANING,MONTHLY_HOME_CLEANING,Monthly Home Cleaning
CLEANING,ONE_TIME_DEEP_CLEANING,One-Time Deep Cleaning
CLEANING,BATHROOM_DESCALING,Bathroom Hard-Water Descaling
CLEANING,HARD_WATER_STAIN_REMOVAL,Hard-Water Stain Removal
CLEANING,KITCHEN_CABINET_CLEANING,Kitchen Cabinet Cleaning
CLEANING,EXHAUST_FAN_CLEANING,Exhaust Fan Cleaning
CLEANING,WINDOW_SCREEN_CLEANING,Window Screen Cleaning
CLEANING,SKYLIGHT_CLEANING,Skylight Cleaning
CLEANING,STAIR_CLEANING,Stair Cleaning
CLEANING,ELEVATOR_CLEANING,Elevator Cleaning
CLEANING,LOBBY_DEEP_CLEANING,Lobby Deep Cleaning
CLEANING,OFFICE_CARPET_CLEANING,Office Carpet Cleaning
CLEANING,OFFICE_CHAIR_CLEANING,Office Chair Cleaning
PEST_CONTROL,GENERAL_PEST_CONTROL,General Pest Control
PEST_CONTROL,COCKROACH_CONTROL,Cockroach Control
PEST_CONTROL,TERMITE_CONTROL,Termite Control
PEST_CONTROL,TERMITE_TREATMENT_PRE_CONSTRUCTION,Pre-Construction Anti-Termite Treatment
PEST_CONTROL,TERMITE_TREATMENT_POST_CONSTRUCTION,Post-Construction Termite Treatment
PEST_CONTROL,BED_BUG_TREATMENT,Bed Bug Control
PEST_CONTROL,MOSQUITO_CONTROL,Mosquito Control
PEST_CONTROL,RODENT_CONTROL,Rodent Control
PEST_CONTROL,RAT_CONTROL,Rat Control
PEST_CONTROL,ANT_CONTROL,Ant Control
PEST_CONTROL,SPIDER_CONTROL,Spider Control
PEST_CONTROL,FLY_CONTROL,Fly Control
PEST_CONTROL,LIZARD_CONTROL,Lizard Control
PEST_CONTROL,WOOD_BORER_TREATMENT,Wood Borer Treatment
PEST_CONTROL,WASP_NEST_REMOVAL,Wasp Nest Removal
PEST_CONTROL,BEE_REMOVAL,Bee / Beehive Removal
PEST_CONTROL,BIRD_NETTING,Bird / Pigeon Net Installation
PEST_CONTROL,PIGEON_CONTROL,Pigeon Control
PEST_CONTROL,SNAKE_REPELLENT_TREATMENT,Snake Repellent Treatment
PEST_CONTROL,FUMIGATION_SERVICE,Fumigation / Disinfection
PEST_CONTROL,WAREHOUSE_PEST_CONTROL,Warehouse Pest Control
PEST_CONTROL,RESTAURANT_PEST_CONTROL,Restaurant Pest Control
PEST_CONTROL,KITCHEN_PEST_CONTROL,Kitchen Pest Control
PEST_CONTROL,OFFICE_PEST_CONTROL,Office Pest Control
PEST_CONTROL,GARDEN_PEST_CONTROL,Garden Pest Control
PEST_CONTROL,HERBAL_PEST_CONTROL,Herbal Pest Control
PEST_CONTROL,CHEMICAL_FREE_PEST_CONTROL,Herbal / Chemical-Free Pest Control
PEST_CONTROL,COCKROACH_GEL_TREATMENT,Cockroach Gel Treatment
PEST_CONTROL,TERMITE_SOIL_TREATMENT,Termite Soil Treatment
PEST_CONTROL,ANTI_TERMITE_BARRIER_INSTALLATION,Anti-Termite Barrier Installation
PEST_CONTROL,MOSQUITO_FOGGING,Mosquito Fogging
PEST_CONTROL,SANITIZATION_AND_PEST_CONTROL,Sanitization + Pest Control
PEST_CONTROL,SOCIETY_COMMON_AREA_PEST_CONTROL,Society Common Area Pest Control
PEST_CONTROL,SOCIETY_BASEMENT_PEST_CONTROL,Society Basement Pest Control
PEST_CONTROL,GODOWN_PEST_CONTROL,Warehouse / Godown Pest Control
PEST_CONTROL,SILVERFISH_CONTROL,Silverfish Control
PEST_CONTROL,WOODWORM_TREATMENT,Woodworm / Wood-Borer Control
PEST_CONTROL,FURNITURE_FUMIGATION,Furniture Fumigation
PEST_CONTROL,MATTRESS_BED_BUG_TREATMENT,Mattress Bed Bug Treatment
PEST_CONTROL,SOFA_BED_BUG_TREATMENT,Sofa Bed Bug Treatment
PEST_CONTROL,ANNUAL_MAINTENANCE_PEST_CONTRACT,Annual Pest Control AMC
PEST_CONTROL,QUARTERLY_PEST_CONTROL,Quarterly Pest Control
PEST_CONTROL,ONE_TIME_PEST_TREATMENT,One-Time Pest Control
PEST_CONTROL,RODENT_TRAP_INSTALLATION,Rodent Trap Installation
PEST_CONTROL,RAT_GLUE_TRAP_SERVICE,Rat Glue Trap Placement
PEST_CONTROL,ULTRASONIC_PEST_REPELLENT_INSTALLATION,Ultrasonic Pest Repellent Installation
PEST_CONTROL,MOSQUITO_NET_FIXING,Mosquito Net Installation / Repair
PEST_CONTROL,STORE_ROOM_PEST_CONTROL,Store Room Pest Control
PEST_CONTROL,SCHOOL_PEST_CONTROL,School Pest Control
PEST_CONTROL,HOSPITAL_PEST_CONTROL,Hospital Pest Control
PEST_CONTROL,HOTEL_PEST_CONTROL,Hotel Pest Control
AC_REPAIR,AC_GAS_REFILLING,AC Gas Refilling
AC_REPAIR,AC_INSTALLATION,AC Installation
AC_REPAIR,AC_UNINSTALLATION,AC Uninstallation
AC_REPAIR,AC_SERVICING,AC Servicing
AC_REPAIR,AC_DEEP_CLEANING,AC Deep Cleaning
AC_REPAIR,AC_FILTER_CLEANING,AC Filter Cleaning
AC_REPAIR,AC_COIL_CLEANING,AC Coil Cleaning
AC_REPAIR,AC_NOT_COOLING_REPAIR,AC Not Cooling Repair
AC_REPAIR,AC_WATER_LEAKAGE_REPAIR,AC Water Leakage Repair
AC_REPAIR,AC_NOISE_REPAIR,AC Noise Repair
AC_REPAIR,AC_REMOTE_REPAIR,AC Remote Repair
AC_REPAIR,AC_COMPRESSOR_REPAIR,AC Compressor Repair
AC_REPAIR,AC_COMPRESSOR_REPLACEMENT,AC Compressor Replacement
AC_REPAIR,AC_PCB_REPAIR,AC PCB Repair
AC_REPAIR,AC_PCB_REPLACEMENT,AC PCB Replacement
AC_REPAIR,SPLIT_AC_INSTALLATION,Split AC Installation
AC_REPAIR,WINDOW_AC_INSTALLATION,Window AC Installation
AC_REPAIR,SPLIT_AC_SERVICING,Split AC Servicing
AC_REPAIR,WINDOW_AC_SERVICING,Window AC Servicing
AC_REPAIR,CASSETTE_AC_INSTALLATION,Cassette AC Installation
AC_REPAIR,CASSETTE_AC_SERVICING,Cassette AC Servicing
AC_REPAIR,DUCTABLE_AC_SERVICING,Ductable AC Servicing
AC_REPAIR,AC_STABILIZER_INSTALLATION,AC Stabilizer Installation
AC_REPAIR,AC_COPPER_PIPING,AC Copper Piping
AC_REPAIR,AC_OUTDOOR_UNIT_SERVICING,AC Outdoor Unit Servicing
AC_REPAIR,AC_INDOOR_UNIT_SERVICING,AC Indoor Unit Servicing
AC_REPAIR,AC_FAN_MOTOR_REPAIR,AC Fan Motor Repair
AC_REPAIR,AC_THERMOSTAT_REPAIR,AC Thermostat Repair
AC_REPAIR,AC_DRAIN_PIPE_CLEANING,AC Drain Pipe Cleaning
AC_REPAIR,AC_GAS_LEAK_DETECTION,AC Gas Leak Detection
AC_REPAIR,INVERTER_AC_REPAIR,Inverter AC Repair
AC_REPAIR,NON_INVERTER_AC_SERVICING,Non Inverter AC Servicing
AC_REPAIR,SPLIT_AC_GAS_CHARGING,Split AC Gas Charging
AC_REPAIR,CENTRAL_AC_SERVICING,Central AC Servicing
AC_REPAIR,MULTI_SPLIT_AC_INSTALLATION,Multi Split AC Installation
AC_REPAIR,AC_ANNUAL_MAINTENANCE_CONTRACT,AC Annual Maintenance Contract
AC_REPAIR,AC_RELOCATION_SERVICE,AC Relocation Service
AC_REPAIR,AC_BRACKET_INSTALLATION,AC Bracket Installation
AC_REPAIR,AC_DUCT_CLEANING,AC Duct Cleaning
AC_REPAIR,AC_SENSOR_REPLACEMENT,AC Sensor Replacement
AC_REPAIR,COMMERCIAL_AC_SERVICING,Commercial AC Servicing
AC_REPAIR,OFFICE_AC_MAINTENANCE,Office AC Maintenance
AC_REPAIR,CAR_AC_REPAIR,Car AC Repair
AC_REPAIR,SPLIT_AC_BODY_CLEANING,Split AC Body Cleaning
AC_REPAIR,AC_CAPACITOR_REPLACEMENT,AC Capacitor Replacement
AC_REPAIR,AC_SWING_MOTOR_REPAIR,AC Swing Motor Repair
AC_REPAIR,AC_REMOTE_SENSOR_REPAIR,AC Remote Sensor Repair
AC_REPAIR,AC_DISPLAY_PANEL_REPAIR,AC Display Panel Repair
AC_REPAIR,AC_WIRING_REPAIR,AC Wiring Repair
AC_REPAIR,AC_OVERHAULING,AC Overhauling
AC_REPAIR,AC_PRE_SUMMER_CHECKUP,AC Pre Summer Checkup
APPLIANCE_REPAIR,WASHING_MACHINE_REPAIR,Washing Machine Repair
APPLIANCE_REPAIR,WASHING_MACHINE_INSTALLATION,Washing Machine Installation
APPLIANCE_REPAIR,REFRIGERATOR_REPAIR,Refrigerator Repair
APPLIANCE_REPAIR,REFRIGERATOR_GAS_FILLING,Refrigerator Gas Refill
APPLIANCE_REPAIR,MICROWAVE_REPAIR,Microwave Repair
APPLIANCE_REPAIR,MICROWAVE_INSTALLATION,Microwave Installation
APPLIANCE_REPAIR,DISHWASHER_REPAIR,Dishwasher Repair
APPLIANCE_REPAIR,DISHWASHER_INSTALLATION,Dishwasher Installation
APPLIANCE_REPAIR,WATER_PURIFIER_REPAIR,Water Purifier Repair
APPLIANCE_REPAIR,WATER_PURIFIER_INSTALLATION,Water Purifier Installation
APPLIANCE_REPAIR,RO_SERVICE,RO Service & Maintenance
APPLIANCE_REPAIR,RO_FILTER_REPLACEMENT,RO Filter Replacement
APPLIANCE_REPAIR,GEYSER_REPAIR,Geyser Repair
APPLIANCE_REPAIR,GEYSER_INSTALLATION,Geyser Installation
APPLIANCE_REPAIR,CHIMNEY_REPAIR,Chimney Repair
APPLIANCE_REPAIR,CHIMNEY_INSTALLATION,Chimney Installation
APPLIANCE_REPAIR,CHIMNEY_SERVICING,Kitchen Chimney Service
APPLIANCE_REPAIR,MIXER_GRINDER_REPAIR,Mixer Grinder Repair
APPLIANCE_REPAIR,JUICER_REPAIR,Juicer Repair
APPLIANCE_REPAIR,TOASTER_REPAIR,Toaster Repair
APPLIANCE_REPAIR,INDUCTION_COOKTOP_REPAIR,Induction Cooktop Repair
APPLIANCE_REPAIR,GAS_STOVE_REPAIR,Gas Stove Repair
APPLIANCE_REPAIR,GAS_STOVE_INSTALLATION,Gas Stove Installation
APPLIANCE_REPAIR,OVEN_REPAIR,Oven Repair
APPLIANCE_REPAIR,OTG_REPAIR,OTG Oven Repair
APPLIANCE_REPAIR,VACUUM_CLEANER_REPAIR,Vacuum Cleaner Repair
APPLIANCE_REPAIR,IRON_REPAIR,Iron Repair
APPLIANCE_REPAIR,WATER_HEATER_REPAIR,Water Heater Repair
APPLIANCE_REPAIR,AIR_COOLER_REPAIR,Air Cooler Repair
APPLIANCE_REPAIR,AIR_COOLER_SERVICING,Air Cooler Service
APPLIANCE_REPAIR,AIR_PURIFIER_REPAIR,Air Purifier Repair
APPLIANCE_REPAIR,AIR_PURIFIER_SERVICING,Air Purifier Service
APPLIANCE_REPAIR,CEILING_FAN_REPAIR,Ceiling Fan Repair
APPLIANCE_REPAIR,TABLE_FAN_REPAIR,Table Fan Repair
APPLIANCE_REPAIR,EXHAUST_FAN_REPAIR,Exhaust Fan Repair
APPLIANCE_REPAIR,TV_REPAIR,TV Repair
APPLIANCE_REPAIR,LED_TV_REPAIR,LED TV Repair
APPLIANCE_REPAIR,HOME_THEATRE_REPAIR,Home Theatre Repair
APPLIANCE_REPAIR,SOUND_SYSTEM_REPAIR,Home Audio / Sound System Repair
APPLIANCE_REPAIR,WASHING_MACHINE_DRUM_REPAIR,Washing Machine Drum Repair
APPLIANCE_REPAIR,WASHING_MACHINE_MOTOR_REPAIR,Washing Machine Motor Repair
APPLIANCE_REPAIR,REFRIGERATOR_COMPRESSOR_REPAIR,Refrigerator Compressor Repair
APPLIANCE_REPAIR,REFRIGERATOR_DOOR_SEAL_REPLACEMENT,Refrigerator Door Seal Replacement
APPLIANCE_REPAIR,MICROWAVE_MAGNETRON_REPLACEMENT,Microwave Magnetron Replacement
APPLIANCE_REPAIR,DISHWASHER_PUMP_REPAIR,Dishwasher Pump Repair
APPLIANCE_REPAIR,WATER_DISPENSER_REPAIR,Water Dispenser Repair
APPLIANCE_REPAIR,ROOM_HEATER_REPAIR,Room Heater Repair
APPLIANCE_REPAIR,ELECTRIC_KETTLE_REPAIR,Electric Kettle Repair
APPLIANCE_REPAIR,SANDWICH_MAKER_REPAIR,Sandwich Maker Repair
APPLIANCE_REPAIR,FOOD_PROCESSOR_REPAIR,Food Processor Repair
APPLIANCE_REPAIR,COFFEE_MAKER_REPAIR,Coffee Maker Repair
APPLIANCE_REPAIR,RICE_COOKER_REPAIR,Rice Cooker Repair
APPLIANCE_REPAIR,INDUCTION_BOARD_REPLACEMENT,Induction Board Replacement
APPLIANCE_REPAIR,APPLIANCE_ANNUAL_MAINTENANCE,Appliance AMC / Annual Service
APPLIANCE_REPAIR,MULTI_BRAND_APPLIANCE_SERVICING,Multi-Brand Appliance Service
INTERIOR_DESIGN,FULL_HOME_INTERIOR_DESIGN,Full Home Interior Design
INTERIOR_DESIGN,LIVING_ROOM_DESIGN,Living Room Interior
INTERIOR_DESIGN,BEDROOM_INTERIOR_DESIGN,Bedroom Interior
INTERIOR_DESIGN,KITCHEN_INTERIOR_DESIGN,Kitchen Interior
INTERIOR_DESIGN,MODULAR_KITCHEN_DESIGN,Modular Kitchen Design
INTERIOR_DESIGN,BATHROOM_INTERIOR_DESIGN,Bathroom Interior
INTERIOR_DESIGN,OFFICE_INTERIOR_DESIGN,Office Interior
INTERIOR_DESIGN,SHOP_INTERIOR_DESIGN,Shop / Retail Interior
INTERIOR_DESIGN,FALSE_CEILING_DESIGN,False Ceiling Design
INTERIOR_DESIGN,WARDROBE_DESIGN,Wardrobe Design
INTERIOR_DESIGN,TV_UNIT_DESIGN,TV Unit Design
INTERIOR_DESIGN,STUDY_ROOM_DESIGN,Study Room Interior
INTERIOR_DESIGN,KIDS_ROOM_DESIGN,Kids Room Interior
INTERIOR_DESIGN,POOJA_ROOM_DESIGN,Pooja Room Interior
INTERIOR_DESIGN,BALCONY_DESIGN,Balcony Design
INTERIOR_DESIGN,TERRACE_DESIGN,Terrace Design
INTERIOR_DESIGN,SPACE_PLANNING,Space Planning
INTERIOR_DESIGN,3D_VISUALIZATION,3D Interior 3D Visualization
INTERIOR_DESIGN,FURNITURE_LAYOUT_PLANNING,Furniture Layout Planning
INTERIOR_DESIGN,LIGHTING_DESIGN,Interior Lighting Design
INTERIOR_DESIGN,COLOR_CONSULTATION_INTERIOR,Interior Colour Consultation
INTERIOR_DESIGN,WALL_PANELLING_DESIGN,Wall Panelling Design
INTERIOR_DESIGN,WALLPAPER_CONSULTATION,Wallpaper Selection & Consultation
INTERIOR_DESIGN,FLOORING_DESIGN_CONSULTATION,Flooring Design Consultation
INTERIOR_DESIGN,HOME_RENOVATION_DESIGN,Home Renovation Design
INTERIOR_DESIGN,APARTMENT_INTERIOR_DESIGN,Apartment Interior Design
INTERIOR_DESIGN,VILLA_INTERIOR_DESIGN,Villa Interior Design
INTERIOR_DESIGN,STUDIO_APARTMENT_DESIGN,Studio Apartment Interior
INTERIOR_DESIGN,DUPLEX_INTERIOR_DESIGN,Duplex Interior Design
INTERIOR_DESIGN,PENTHOUSE_INTERIOR_DESIGN,Penthouse Interior Design
INTERIOR_DESIGN,RESTAURANT_INTERIOR_DESIGN,Restaurant Interior
INTERIOR_DESIGN,CAFE_INTERIOR_DESIGN,Cafe Interior
INTERIOR_DESIGN,SALON_INTERIOR_DESIGN,Salon Interior
INTERIOR_DESIGN,CLINIC_INTERIOR_DESIGN,Clinic Interior
INTERIOR_DESIGN,RETAIL_STORE_DESIGN,Retail Store Interior
INTERIOR_DESIGN,SHOWROOM_INTERIOR_DESIGN,Showroom Interior
INTERIOR_DESIGN,OFFICE_CABIN_DESIGN,Office Cabin Interior
INTERIOR_DESIGN,RECEPTION_AREA_DESIGN,Reception Area Design
INTERIOR_DESIGN,CONFERENCE_ROOM_DESIGN,Conference Room Interior
INTERIOR_DESIGN,CO_WORKING_SPACE_DESIGN,Co-working Space Interior
INTERIOR_DESIGN,MINIMALIST_INTERIOR_DESIGN,Minimalist Home Interior
INTERIOR_DESIGN,MODERN_INTERIOR_DESIGN,Modern Home Interior
INTERIOR_DESIGN,TRADITIONAL_INTERIOR_DESIGN,Traditional Home Interior
INTERIOR_DESIGN,SCANDINAVIAN_INTERIOR_DESIGN,Scandinavian Interior
INTERIOR_DESIGN,INDUSTRIAL_INTERIOR_DESIGN,Industrial Interior
INTERIOR_DESIGN,VASTU_COMPLIANT_DESIGN,Vastu-Friendly Interior Design
INTERIOR_DESIGN,HOME_OFFICE_DESIGN,Home Office Interior
INTERIOR_DESIGN,GUEST_ROOM_DESIGN,Guest Room Interior
INTERIOR_DESIGN,HOME_BAR_DESIGN,Home Bar Interior
INTERIOR_DESIGN,WINE_CELLAR_DESIGN,Wine Cellar Design
INTERIOR_DESIGN,HOME_THEATRE_ROOM_DESIGN,Home Theatre Interior
INTERIOR_DESIGN,ROOFTOP_LOUNGE_DESIGN,Rooftop Lounge Design
INTERIOR_DESIGN,GARDEN_LANDSCAPE_DESIGN_CONSULTATION,Landscape Design Consultation
SALON_BEAUTY,HAIRCUT_MEN,Men’s Haircut
SALON_BEAUTY,HAIRCUT_WOMEN,Women’s Haircut
SALON_BEAUTY,HAIR_SPA,Hair Spa
SALON_BEAUTY,HAIR_COLORING,Hair Colouring
SALON_BEAUTY,HAIR_HIGHLIGHTS,Hair Highlights
SALON_BEAUTY,HAIR_STRAIGHTENING,Hair Straightening
SALON_BEAUTY,HAIR_SMOOTHENING,Hair Smoothening
SALON_BEAUTY,KERATIN_TREATMENT,Keratin Hair Treatment
SALON_BEAUTY,HAIR_BOTOX_TREATMENT,Hair Botox
SALON_BEAUTY,BEARD_TRIM,Beard Trim
SALON_BEAUTY,BEARD_STYLING,Beard Styling
SALON_BEAUTY,SHAVING_SERVICE,Shaving
SALON_BEAUTY,FACIAL_BASIC,Basic Facial
SALON_BEAUTY,FACIAL_GOLD,Gold Facial
SALON_BEAUTY,FACIAL_FRUIT,Fruit Facial
SALON_BEAUTY,FACIAL_DIAMOND,Diamond Facial
SALON_BEAUTY,FACIAL_ANTI_AGING,Anti-Ageing Facial
SALON_BEAUTY,FACIAL_BRIDAL,Bridal Facial
SALON_BEAUTY,CLEANUP_SERVICE,Face Cleanup
SALON_BEAUTY,DE_TAN_TREATMENT,De-Tan Treatment
SALON_BEAUTY,BLEACH_SERVICE,Face / Body Bleach
SALON_BEAUTY,THREADING_EYEBROW,Eyebrow Threading
SALON_BEAUTY,THREADING_UPPER_LIP,Upper-Lip Threading
SALON_BEAUTY,WAXING_FULL_BODY,Full-Body Waxing
SALON_BEAUTY,WAXING_HALF_ARMS,Half-Arm Waxing
SALON_BEAUTY,WAXING_FULL_LEGS,Full-Leg Waxing
SALON_BEAUTY,WAXING_UNDERARMS,Underarm Waxing
SALON_BEAUTY,WAXING_BIKINI,Bikini Waxing
SALON_BEAUTY,MANICURE_BASIC,Basic Manicure
SALON_BEAUTY,MANICURE_SPA,Spa Manicure
SALON_BEAUTY,PEDICURE_BASIC,Basic Pedicure
SALON_BEAUTY,PEDICURE_SPA,Spa Pedicure
SALON_BEAUTY,NAIL_EXTENSION,Nail Extensions
SALON_BEAUTY,NAIL_ART,Nail Art
SALON_BEAUTY,GEL_POLISH_APPLICATION,Gel Polish
SALON_BEAUTY,HAIR_SPA_DEEP_CONDITIONING,Deep Conditioning Hair Spa
SALON_BEAUTY,HAIR_FALL_TREATMENT,Hair-Fall Care
SALON_BEAUTY,DANDRUFF_TREATMENT,Dandruff / Scalp Care
SALON_BEAUTY,SCALP_TREATMENT,Scalp Treatment
SALON_BEAUTY,HAIR_WASH_AND_BLOW_DRY,Hair Wash & Blow-Dry
SALON_BEAUTY,HAIR_STYLING_CURLS,Curly Hair Styling
SALON_BEAUTY,HAIR_STYLING_STRAIGHT,Straight Hair Styling
SALON_BEAUTY,BRIDAL_MAKEUP,Bridal Makeup
SALON_BEAUTY,PARTY_MAKEUP,Party Makeup
SALON_BEAUTY,ENGAGEMENT_MAKEUP,Engagement Makeup
SALON_BEAUTY,HD_MAKEUP,HD Makeup
SALON_BEAUTY,AIRBRUSH_MAKEUP,Airbrush Makeup
SALON_BEAUTY,SAREE_DRAPING,Saree Draping
SALON_BEAUTY,HAIR_EXTENSION_APPLICATION,Hair Extension Application
SALON_BEAUTY,WIG_STYLING,Wig Styling
SALON_BEAUTY,HEAD_MASSAGE,Head Massage
SALON_BEAUTY,BODY_MASSAGE,Body Massage
SALON_BEAUTY,AROMA_THERAPY_MASSAGE,Aromatherapy Massage
SALON_BEAUTY,DEEP_TISSUE_MASSAGE,Deep-Tissue Massage
SALON_BEAUTY,FOOT_REFLEXOLOGY,Foot Reflexology
SALON_BEAUTY,BODY_SCRUB,Body Scrub
SALON_BEAUTY,BODY_POLISHING,Body Polishing
SALON_BEAUTY,SKIN_WHITENING_TREATMENT,Skin Brightening Treatment
SALON_BEAUTY,ACNE_TREATMENT_FACIAL,Acne-Care Facial
SALON_BEAUTY,PIGMENTATION_TREATMENT,Pigmentation-Care Facial
SALON_BEAUTY,UNDER_EYE_TREATMENT,Under-Eye Care
SALON_BEAUTY,LIP_TINT_APPLICATION,Lip Tint
SALON_BEAUTY,EYEBROW_SHAPING,Eyebrow Shaping
SALON_BEAUTY,EYELASH_EXTENSION,Eyelash Extensions
SALON_BEAUTY,MAKEUP_TRIAL_SESSION,Makeup Trial
SALON_BEAUTY,GROOM_GROOMING_PACKAGE,Grooming Package
SALON_BEAUTY,BRIDAL_PACKAGE_FULL,Complete Bridal Package
SALON_BEAUTY,KIDS_HAIRCUT,Kids’ Haircut
SALON_BEAUTY,SENIOR_CITIZEN_HAIRCUT,Senior Citizen Haircut
FITNESS_TRAINER,PERSONAL_TRAINING_SESSION,1-on-1 Personal Training
FITNESS_TRAINER,HOME_GYM_TRAINING,Home Personal Training
FITNESS_TRAINER,WEIGHT_LOSS_PROGRAM,Weight Loss Coaching
FITNESS_TRAINER,WEIGHT_GAIN_PROGRAM,Healthy Weight-Gain Coaching
FITNESS_TRAINER,STRENGTH_TRAINING,Strength Training
FITNESS_TRAINER,CARDIO_TRAINING,Cardio Training
FITNESS_TRAINER,YOGA_SESSION,Yoga Sessions
FITNESS_TRAINER,PILATES_SESSION,Pilates Sessions
FITNESS_TRAINER,ZUMBA_SESSION,Zumba Classes
FITNESS_TRAINER,HIIT_TRAINING,HIIT Workouts
FITNESS_TRAINER,CROSSFIT_COACHING,CrossFit Coaching
FITNESS_TRAINER,FUNCTIONAL_TRAINING,Functional Fitness Training
FITNESS_TRAINER,BODYBUILDING_COACHING,Bodybuilding Coaching
FITNESS_TRAINER,POWERLIFTING_COACHING,Powerlifting Coaching
FITNESS_TRAINER,NUTRITION_CONSULTATION,Nutrition Consultation
FITNESS_TRAINER,DIET_PLANNING,Personal Diet Plan
FITNESS_TRAINER,POST_PREGNANCY_FITNESS_TRAINING,Post-Pregnancy Fitness
FITNESS_TRAINER,PRE_WEDDING_FITNESS_PROGRAM,Pre-Wedding Fitness Program
FITNESS_TRAINER,SENIOR_CITIZEN_FITNESS_TRAINING,Senior Fitness Training
FITNESS_TRAINER,KIDS_FITNESS_TRAINING,Kids Fitness Training
FITNESS_TRAINER,SPORTS_SPECIFIC_CONDITIONING,Sports Performance Training
FITNESS_TRAINER,INJURY_REHABILITATION_TRAINING,Fitness Rehab / Recovery Training
FITNESS_TRAINER,POSTURE_CORRECTION_TRAINING,Posture Correction Training
FITNESS_TRAINER,FLEXIBILITY_TRAINING,Flexibility Training
FITNESS_TRAINER,CORE_STRENGTH_TRAINING,Core Strength Training
FITNESS_TRAINER,GROUP_FITNESS_CLASS,Group Fitness Classes
FITNESS_TRAINER,ONLINE_FITNESS_COACHING,Online Personal Training
FITNESS_TRAINER,BOXING_TRAINING,Boxing Training
FITNESS_TRAINER,KICKBOXING_TRAINING,Kickboxing Training
FITNESS_TRAINER,MARTIAL_ARTS_TRAINING,Martial Arts Training
FITNESS_TRAINER,DANCE_FITNESS_TRAINING,Dance Fitness
FITNESS_TRAINER,AEROBICS_CLASS,Aerobics Classes
FITNESS_TRAINER,MEDITATION_SESSION,Meditation Sessions
FITNESS_TRAINER,BREATHING_EXERCISE_COACHING,Breathing & Mobility Sessions
FITNESS_TRAINER,CIRCUIT_TRAINING,Circuit Training
FITNESS_TRAINER,TRX_TRAINING,TRX Suspension Training
FITNESS_TRAINER,RESISTANCE_BAND_TRAINING,Resistance Band Workouts
FITNESS_TRAINER,BODYWEIGHT_TRAINING,Bodyweight Workouts
FITNESS_TRAINER,MARATHON_TRAINING_COACHING,Marathon Coaching
FITNESS_TRAINER,RUNNING_COACHING,Running Coaching
FITNESS_TRAINER,CYCLING_TRAINING,Cycling Coaching
FITNESS_TRAINER,SWIMMING_FITNESS_COACHING,Swimming Fitness Coaching
FITNESS_TRAINER,BODY_TRANSFORMATION_PROGRAM,Body Transformation Program
FITNESS_TRAINER,DIABETIC_FITNESS_PROGRAM,Fitness for Diabetes Management
FITNESS_TRAINER,OBESITY_MANAGEMENT_PROGRAM,Weight & Obesity Management
FITNESS_TRAINER,MUSCLE_BUILDING_PROGRAM,Muscle-Building Program
FITNESS_TRAINER,TONING_PROGRAM,Body Toning Program
FITNESS_TRAINER,ATHLETIC_PERFORMANCE_TRAINING,Athletic Performance Coaching
COOK,DAILY_HOME_COOKING,Daily Home-Cooked Meals
COOK,NORTH_INDIAN_COOKING,North Indian Home Cooking
COOK,SOUTH_INDIAN_COOKING,South Indian Home Cooking
COOK,CONTINENTAL_COOKING,Continental Home Cooking
COOK,CHINESE_COOKING,Chinese Home Cooking
COOK,TIFFIN_SERVICE_COOKING,Tiffin / Meal Subscription Cooking
COOK,PARTY_COOKING_SERVICE,Party & Event Cooking
COOK,WEDDING_FUNCTION_COOKING,Wedding & Function Cooking
COOK,BIRTHDAY_PARTY_COOKING,Birthday Party Cooking
COOK,DIET_MEAL_COOKING,Healthy / Diet Meal Cooking
COOK,BABY_FOOD_COOKING,Baby & Toddler Meal Preparation
COOK,ELDERLY_MEAL_PREPARATION,Elderly Meal Preparation
COOK,VEGETARIAN_COOKING,Vegetarian Home Cooking
COOK,NON_VEGETARIAN_COOKING,Non-Vegetarian Home Cooking
COOK,JAIN_FOOD_COOKING,Jain Meal Cooking
COOK,VEGAN_COOKING,Vegan Home Cooking
COOK,LIVE_COUNTER_COOKING,Live Counter / On-Site Cooking
COOK,BBQ_COOKING_SERVICE,BBQ / Grill Cooking
COOK,BAKING_SERVICE,Home Baking
COOK,CAKE_BAKING,Custom Cake Baking
COOK,SNACKS_PREPARATION,Snacks & Namkeen Preparation
COOK,BREAKFAST_COOKING_SERVICE,Breakfast Cooking
COOK,MEAL_PREP_WEEKLY,Weekly Meal Prep
COOK,OFFICE_LUNCH_CATERING_COOK,Office Lunch Cooking
COOK,PERSONAL_CHEF_SERVICE,Personal Chef at Home
COOK,LIVE_IN_COOK_SERVICE,Live-in Cook
COOK,PART_TIME_COOK_SERVICE,Part-time Cook
COOK,FULL_TIME_COOK_SERVICE,Full-time Cook
COOK,FESTIVAL_SPECIAL_COOKING,Festival / Special Occasion Cooking
COOK,NAVRATRI_SPECIAL_COOKING,Navratri Meal Cooking
COOK,DIWALI_SWEETS_COOKING,Diwali Sweets & Snacks
COOK,BENGALI_CUISINE_COOKING,Bengali Home Cooking
COOK,PUNJABI_CUISINE_COOKING,Punjabi Home Cooking
COOK,GUJARATI_CUISINE_COOKING,Gujarati Home Cooking
COOK,RAJASTHANI_CUISINE_COOKING,Rajasthani Home Cooking
COOK,SOUTH_INDIAN_BREAKFAST_COOKING,South Indian Breakfast Cooking
COOK,TANDOOR_COOKING,Tandoor / Kebab Cooking
COOK,CURRIES_PREPARATION,Curry & Gravy Preparation
COOK,RICE_DISHES_PREPARATION,Rice & Biryani Preparation
COOK,ROTI_MAKING_SERVICE,Roti / Chapati Making
COOK,ACHAR_PICKLE_MAKING,Homemade Pickles / Achar
DRIVER,DAILY_COMMUTE_DRIVING,Daily Commute Driver
DRIVER,OUTSTATION_TRIP_DRIVING,Outstation Driver
DRIVER,AIRPORT_DROP_DRIVING,Airport Drop
DRIVER,AIRPORT_PICKUP_DRIVING,Airport Pickup
DRIVER,WEDDING_CAR_DRIVING,Wedding / Event Driver
DRIVER,CORPORATE_DRIVER_SERVICE,Corporate Driver
DRIVER,FULL_TIME_DRIVER_SERVICE,Full-time Driver
DRIVER,PART_TIME_DRIVER_SERVICE,Part-time Driver
DRIVER,NIGHT_DRIVER_SERVICE,Night Driver
DRIVER,WEEKEND_DRIVER_SERVICE,Weekend Driver
DRIVER,CHAUFFEUR_SERVICE,Chauffeur / Personal Driver
DRIVER,SELF_OWNED_CAR_DRIVING,Driver for Your Own Car
DRIVER,LONG_DISTANCE_DRIVING,Long-Distance Driver
DRIVER,CITY_DRIVING_SERVICE,Local City Driver
DRIVER,ELDERLY_PERSON_DRIVING_ASSISTANCE,Elderly / Senior Citizen Driver
DRIVER,SCHOOL_PICKUP_DROP_DRIVING,School Pickup & Drop Driver
DRIVER,MONTHLY_DRIVER_CONTRACT,Monthly Driver
DRIVER,ONE_DAY_DRIVER_HIRE,Driver for the Day
DRIVER,LUXURY_CAR_DRIVING_SERVICE,Luxury Car Chauffeur
DRIVER,TRUCK_DRIVING_SERVICE,Truck Driver
DRIVER,TWO_WHEELER_DELIVERY_DRIVING,Two-Wheeler Delivery Driver
DRIVER,TEMPO_DRIVING_SERVICE,Tempo / Mini-Truck Driver
DRIVER,TOURIST_TRIP_DRIVING,Tourist / Sightseeing Driver
DRIVER,HILL_STATION_DRIVING,Hill Station Driver
DRIVER,HIGHWAY_DRIVING_SPECIALIST,Highway / Long-Distance Driver
DRIVER,AUTOMATIC_CAR_DRIVING,Automatic Car Driver
DRIVER,MANUAL_CAR_DRIVING,Manual Car Driver
DRIVER,BACKUP_DRIVER_SERVICE,Backup / Replacement Driver
TUTOR,MATHEMATICS_TUITION,Maths Tuition
TUTOR,SCIENCE_TUITION,Science Tuition
TUTOR,ENGLISH_TUITION,English Tuition
TUTOR,PHYSICS_TUITION,Physics Tuition
TUTOR,CHEMISTRY_TUITION,Chemistry Tuition
TUTOR,BIOLOGY_TUITION,Biology Tuition
TUTOR,COMPUTER_SCIENCE_TUITION,Computer Science Tuition
TUTOR,CODING_FOR_KIDS,Coding Classes for Kids
TUTOR,PYTHON_PROGRAMMING_TUITION,Python Classes
TUTOR,JAVA_PROGRAMMING_TUITION,Java Classes
TUTOR,WEB_DEVELOPMENT_TUITION,Web Development Classes
TUTOR,HINDI_TUITION,Hindi Tuition
TUTOR,SOCIAL_STUDIES_TUITION,Social Science Tuition
TUTOR,ACCOUNTANCY_TUITION,Accountancy Tuition
TUTOR,ECONOMICS_TUITION,Economics Tuition
TUTOR,BUSINESS_STUDIES_TUITION,Business Studies Tuition
TUTOR,STATISTICS_TUITION,Statistics Tuition
TUTOR,VEDIC_MATHS_TUITION,Vedic Maths Classes
TUTOR,SPOKEN_ENGLISH_CLASSES,Spoken English Classes
TUTOR,IELTS_COACHING,IELTS Coaching
TUTOR,TOEFL_COACHING,TOEFL Coaching
TUTOR,GRE_COACHING,GRE Coaching
TUTOR,CAT_EXAM_COACHING,CAT Exam Coaching
TUTOR,JEE_COACHING,JEE Coaching
TUTOR,NEET_COACHING,NEET Coaching
TUTOR,UPSC_COACHING,UPSC Coaching
TUTOR,BANK_EXAM_COACHING,Bank Exam Coaching
TUTOR,CBSE_BOARD_TUITION,CBSE Board Tuition
TUTOR,ICSE_BOARD_TUITION,ICSE Board Tuition
TUTOR,STATE_BOARD_TUITION,State Board Tuition
TUTOR,CLASS_1_TO_5_TUITION,Tuition for Classes 1–5
TUTOR,CLASS_6_TO_8_TUITION,Tuition for Classes 6–8
TUTOR,CLASS_9_TO_10_TUITION,Tuition for Classes 9–10
TUTOR,CLASS_11_TO_12_TUITION,Tuition for Classes 11–12
TUTOR,COLLEGE_LEVEL_TUITION,College / University Tuition
TUTOR,MUSIC_THEORY_TUITION,Music Theory Lessons
TUTOR,PIANO_LESSONS,Piano Lessons
TUTOR,GUITAR_LESSONS,Guitar Lessons
TUTOR,VIOLIN_LESSONS,Violin Lessons
TUTOR,VOCAL_MUSIC_LESSONS,Vocal Music Lessons
TUTOR,DANCE_CLASSES_KATHAK,Kathak Dance Classes
TUTOR,DANCE_CLASSES_WESTERN,Western Dance Classes
TUTOR,ART_AND_CRAFT_CLASSES,Art & Craft Classes
TUTOR,DRAWING_CLASSES,Drawing Classes
TUTOR,PAINTING_CLASSES,Painting Classes
TUTOR,CHESS_COACHING,Chess Classes
TUTOR,ABACUS_CLASSES,Abacus Classes
TUTOR,HANDWRITING_IMPROVEMENT_CLASSES,Handwriting Improvement Classes
TUTOR,PERSONALITY_DEVELOPMENT_CLASSES,Personality Development Classes
TUTOR,PUBLIC_SPEAKING_CLASSES,Public Speaking Classes
TUTOR,STUDY_ABROAD_COUNSELLING,Study Abroad Counselling
TUTOR,HOMEWORK_HELP_SESSIONS,Homework Help / Study Support
TUTOR,EXAM_PREPARATION_CRASH_COURSE,Exam Prep Crash Course
TUTOR,FOREIGN_LANGUAGE_FRENCH_TUITION,French Language Classes
TUTOR,FOREIGN_LANGUAGE_GERMAN_TUITION,German Language Classes
TUTOR,FOREIGN_LANGUAGE_SPANISH_TUITION,Spanish Language Classes
TUTOR,SANSKRIT_TUITION,Sanskrit Tuition
TUTOR,SPECIAL_NEEDS_TUTORING,Special Needs Tutoring
TUTOR,PRESCHOOL_LEARNING_SESSIONS,Preschool Learning / Early Learning
TUTOR,ROBOTICS_CLASSES_FOR_KIDS,Robotics Classes for Kids
SPORTS_TRAINER,CRICKET_COACHING,Cricket Coaching
SPORTS_TRAINER,FOOTBALL_COACHING,Football Coaching
SPORTS_TRAINER,BADMINTON_COACHING,Badminton Coaching
SPORTS_TRAINER,TENNIS_COACHING,Tennis Coaching
SPORTS_TRAINER,TABLE_TENNIS_COACHING,Table Tennis Coaching
SPORTS_TRAINER,BASKETBALL_COACHING,Basketball Coaching
SPORTS_TRAINER,VOLLEYBALL_COACHING,Volleyball Coaching
SPORTS_TRAINER,SWIMMING_COACHING,Swimming Coaching
SPORTS_TRAINER,ATHLETICS_COACHING,Athletics Coaching
SPORTS_TRAINER,SKATING_COACHING,Skating Coaching
SPORTS_TRAINER,CHESS_COACHING_SPORTS,Chess Coaching Sports
SPORTS_TRAINER,KARATE_TRAINING,Karate Training
SPORTS_TRAINER,TAEKWONDO_TRAINING,Taekwondo Training
SPORTS_TRAINER,BOXING_COACHING,Boxing Coaching
SPORTS_TRAINER,GOLF_COACHING,Golf Coaching
SPORTS_TRAINER,HOCKEY_COACHING,Hockey Coaching
SPORTS_TRAINER,KABADDI_COACHING,Kabaddi Coaching
SPORTS_TRAINER,YOGA_FOR_SPORTS_PERFORMANCE,Yoga for Sports Performance
SPORTS_TRAINER,FITNESS_CONDITIONING_FOR_ATHLETES,Fitness Conditioning for Athletes
SPORTS_TRAINER,YOUTH_SPORTS_TRAINING,Youth Sports Training
SPORTS_TRAINER,SCHOOL_SPORTS_COACHING,School Sports Coaching
SPORTS_TRAINER,PERSONAL_SPORTS_COACHING,Personal Sports Coaching
SPORTS_TRAINER,SQUASH_COACHING,Squash Coaching
SPORTS_TRAINER,CYCLING_COACHING,Cycling Coaching
SPORTS_TRAINER,RUNNING_COACHING_SPORTS,Running Coaching Sports
SPORTS_TRAINER,GYMNASTICS_COACHING,Gymnastics Coaching
SPORTS_TRAINER,ROCK_CLIMBING_TRAINING,Rock Climbing Training
SPORTS_TRAINER,ARCHERY_COACHING,Archery Coaching
SPORTS_TRAINER,SHOOTING_SPORTS_COACHING,Shooting Sports Coaching
SPORTS_TRAINER,WRESTLING_COACHING,Wrestling Coaching
HEALTHCARE,GENERAL_PHYSICIAN_HOME_VISIT,Doctor Home Visit
HEALTHCARE,NURSING_CARE_AT_HOME,Nursing Care at Home
HEALTHCARE,ELDERLY_CARE_NURSING,Elderly Nursing Care at Home
HEALTHCARE,PHYSIOTHERAPY_HOME_VISIT,Physiotherapy at Home
HEALTHCARE,POST_SURGERY_CARE,Post-Surgery Home Care
HEALTHCARE,INJECTION_ADMINISTRATION,Injection at Home
HEALTHCARE,WOUND_DRESSING,Wound Dressing at Home
HEALTHCARE,IV_DRIP_ADMINISTRATION,IV Drip at Home
HEALTHCARE,BLOOD_TEST_AT_HOME,Blood Test at Home
HEALTHCARE,DIABETES_CARE_MANAGEMENT,Diabetes Care at Home
HEALTHCARE,BLOOD_PRESSURE_MONITORING,Blood Pressure Check at Home
HEALTHCARE,ECG_AT_HOME,ECG at Home
HEALTHCARE,X_RAY_AT_HOME,X-Ray at Home
HEALTHCARE,HEALTH_CHECKUP_PACKAGE,Home Health Checkup Package
HEALTHCARE,MOTHER_AND_BABY_CARE,Mother & Baby Care
HEALTHCARE,NEWBORN_CARE_NURSING,Newborn Care at Home
HEALTHCARE,PALLIATIVE_CARE,Palliative Home Care
HEALTHCARE,BEDRIDDEN_PATIENT_CARE,Bedridden Patient Home Care
HEALTHCARE,CATHETER_CARE,Catheter Care at Home
HEALTHCARE,PHYSIOTHERAPY_FOR_SPORTS_INJURY,Sports Injury Physiotherapy
HEALTHCARE,PHYSIOTHERAPY_FOR_BACK_PAIN,Back Pain Physiotherapy
HEALTHCARE,PHYSIOTHERAPY_FOR_JOINT_PAIN,Joint Pain Physiotherapy
HEALTHCARE,POST_STROKE_REHABILITATION,Post-Stroke Rehabilitation
HEALTHCARE,POST_FRACTURE_REHABILITATION,Post-Fracture Rehabilitation
HEALTHCARE,HOME_VENTILATOR_SUPPORT,Home Ventilator Support
HEALTHCARE,OXYGEN_SUPPORT_SETUP,Home Oxygen Support
HEALTHCARE,DIABETIC_FOOT_CARE,Diabetic Foot Care
HEALTHCARE,VACCINATION_SERVICE,Vaccination at Home
HEALTHCARE,COVID_CARE_SUPPORT,COVID Care Support
HEALTHCARE,MENTAL_HEALTH_COUNSELLING,Mental Health Counselling
HEALTHCARE,DIETITIAN_CONSULTATION_HOME,Dietitian Consultation at Home
HEALTHCARE,SPEECH_THERAPY_HOME_VISIT,Speech Therapy at Home
HEALTHCARE,OCCUPATIONAL_THERAPY_HOME_VISIT,Occupational Therapy at Home
HEALTHCARE,LACTATION_CONSULTANT_VISIT,Lactation Consultant at Home
HEALTHCARE,PEDIATRIC_HOME_VISIT,Paediatrician Home Visit
HEALTHCARE,GERIATRIC_CARE_CONSULTATION,Senior Health Consultation
HEALTHCARE,CHRONIC_DISEASE_MANAGEMENT,Chronic Disease Home Management
HEALTHCARE,AYURVEDA_CONSULTATION_HOME,Ayurveda Consultation at Home
HEALTHCARE,HOMEOPATHY_CONSULTATION_HOME,Homeopathy Consultation at Home
HEALTHCARE,DENTAL_CHECKUP_HOME_VISIT,Dental Checkup at Home
CARETAKER,ELDERLY_CARETAKER_SERVICE,Elderly Care at Home
CARETAKER,FULL_TIME_CARETAKER,Full-Time Caregiver
CARETAKER,PART_TIME_CARETAKER,Part-Time Caregiver
CARETAKER,NIGHT_CARETAKER_SERVICE,Night Caregiver
CARETAKER,BEDRIDDEN_PATIENT_CARETAKER,Bedridden Patient Caregiver
CARETAKER,POST_SURGERY_CARETAKER,Post-Surgery Caregiver
CARETAKER,BABY_CARETAKER_SERVICE,Baby Caregiver
CARETAKER,NEWBORN_CARETAKER,Newborn Caregiver
CARETAKER,DISABLED_PERSON_CARETAKER,Caregiver for Persons with Disabilities
CARETAKER,COMPANION_CAREGIVER_SERVICE,Companion Caregiver
CARETAKER,LIVE_IN_CARETAKER,Live-In Caregiver
CARETAKER,HOSPITAL_ATTENDANT_SERVICE,Hospital Attendant
CARETAKER,DEMENTIA_PATIENT_CARE,Dementia Caregiver
CARETAKER,ALZHEIMERS_PATIENT_CARE,Alzheimer’s Caregiver
CARETAKER,PALLIATIVE_CAREGIVER,Palliative Caregiver
CARETAKER,MEDICATION_REMINDER_SERVICE,Medication Reminder Assistance
CARETAKER,MOBILITY_ASSISTANCE_CARETAKER,Mobility Assistance
CARETAKER,FEEDING_ASSISTANCE_CARETAKER,Feeding Assistance
CARETAKER,PERSONAL_HYGIENE_ASSISTANCE,Personal Hygiene Assistance
CARETAKER,COMPANIONSHIP_FOR_SENIORS,Senior Companionship
CARETAKER,WEEKEND_CARETAKER_SERVICE,Weekend Caregiver
CARETAKER,MONTHLY_CARETAKER_CONTRACT,Monthly Caregiver
SECURITY,RESIDENTIAL_SECURITY_GUARD,Home / Residential Security Guard
SECURITY,COMMERCIAL_SECURITY_GUARD,Commercial Security Guard
SECURITY,SOCIETY_GATE_SECURITY,Apartment / Society Security
SECURITY,EVENT_SECURITY_PERSONNEL,Event Security Guards
SECURITY,CORPORATE_OFFICE_SECURITY,Corporate Office Security
SECURITY,NIGHT_SHIFT_SECURITY_GUARD,Night-Shift Security Guard
SECURITY,DAY_SHIFT_SECURITY_GUARD,Day-Shift Security Guard
SECURITY,ARMED_SECURITY_GUARD,Armed Security Guard
SECURITY,UNARMED_SECURITY_GUARD,Unarmed Security Guard
SECURITY,CCTV_MONITORING_SERVICE,CCTV Monitoring
SECURITY,FIRE_WATCH_SECURITY,Fire Watch / Safety Guard
SECURITY,BOUNCER_SERVICE_FOR_EVENTS,Event Bouncer
SECURITY,PERSONAL_BODYGUARD_SERVICE,Personal Bodyguard
SECURITY,VIP_SECURITY_ESCORT,VIP Security Escort
SECURITY,WAREHOUSE_SECURITY_GUARD,Warehouse Security Guard
SECURITY,RETAIL_STORE_SECURITY,Retail Store Security
SECURITY,BANK_SECURITY_GUARD,Bank Security Guard
SECURITY,FEMALE_SECURITY_GUARD,Female Security Guard
SECURITY,PATROL_SECURITY_SERVICE,Security Patrol
SECURITY,ACCESS_CONTROL_MANAGEMENT,Access Control / Entry Management
SECURITY,HOUSEKEEPING_CUM_SECURITY_STAFF,Housekeeping + Security Staff
SECURITY,WEDDING_EVENT_SECURITY,Wedding / Event Security
SECURITY,CONSTRUCTION_SITE_SECURITY,Construction Site Security
SECURITY,PARKING_LOT_SECURITY,Parking Security
SECURITY,MALL_SECURITY_PERSONNEL,Mall Security
PACKERS_MOVERS,HOME_SHIFTING_LOCAL,Local Home Shifting
PACKERS_MOVERS,HOME_SHIFTING_INTERCITY,Intercity Home Shifting
PACKERS_MOVERS,OFFICE_RELOCATION,Office Relocation
PACKERS_MOVERS,FURNITURE_SHIFTING_ONLY,Furniture Shifting
PACKERS_MOVERS,TWO_WHEELER_TRANSPORT,Bike / Scooter Transport
PACKERS_MOVERS,CAR_TRANSPORT,Car Transport
PACKERS_MOVERS,PACKING_SERVICE_ONLY,Packing Only
PACKERS_MOVERS,LOADING_AND_UNLOADING_SERVICE,Loading & Unloading
PACKERS_MOVERS,WAREHOUSE_STORAGE_SERVICE,Household Storage
PACKERS_MOVERS,FULL_HOUSE_PACKING,Full House Packing & Moving
PACKERS_MOVERS,FRAGILE_ITEM_PACKING,Fragile Item Packing
PACKERS_MOVERS,APPLIANCE_PACKING_AND_MOVING,Appliance Packing & Moving
PACKERS_MOVERS,PIANO_MOVING_SERVICE,Piano / Heavy Item Moving
PACKERS_MOVERS,CORPORATE_OFFICE_SHIFTING,Corporate Office Relocation
PACKERS_MOVERS,INTERNATIONAL_RELOCATION_ASSISTANCE,International Relocation Assistance
PACKERS_MOVERS,HOUSEHOLD_GOODS_INSURANCE_FOR_MOVE,Moving Insurance Assistance
PACKERS_MOVERS,TRUCK_RENTAL_FOR_MOVING,Moving Truck Rental
PACKERS_MOVERS,MINI_TRUCK_HIRE,Mini Truck / Pickup Hire
PACKERS_MOVERS,TEMPO_BOOKING_FOR_SHIFTING,Tempo / Small Truck Booking
PACKERS_MOVERS,SINGLE_ITEM_DELIVERY,Single Item Pickup & Delivery
PACKERS_MOVERS,MAN_AND_VAN_SERVICE,Man & Van Service
PACKERS_MOVERS,SHIFTING_WITH_STORAGE_FACILITY,Move & Store Service
PACKERS_MOVERS,INTERSTATE_HOUSEHOLD_SHIFTING,Interstate Home Shifting
PACKERS_MOVERS,SAME_DAY_LOCAL_SHIFTING,Same-Day Local Shifting
PACKERS_MOVERS,BIKE_TRANSPORT_SERVICE,Bike / Scooter Door-to-Door Transport
PHOTOGRAPHER,WEDDING_PHOTOGRAPHY,Wedding Photography
PHOTOGRAPHER,PRE_WEDDING_SHOOT,Pre-Wedding Photography
PHOTOGRAPHER,ENGAGEMENT_PHOTOGRAPHY,Engagement Photography
PHOTOGRAPHER,BIRTHDAY_PHOTOGRAPHY,Birthday Party Photography
PHOTOGRAPHER,BABY_PHOTOSHOOT,Baby Photoshoot
PHOTOGRAPHER,MATERNITY_PHOTOSHOOT,Maternity Photoshoot
PHOTOGRAPHER,FAMILY_PORTRAIT_PHOTOGRAPHY,Family Portraits
PHOTOGRAPHER,CORPORATE_EVENT_PHOTOGRAPHY,Corporate Event Photography
PHOTOGRAPHER,PRODUCT_PHOTOGRAPHY,Product Photography
PHOTOGRAPHER,FOOD_PHOTOGRAPHY,Food Photography
PHOTOGRAPHER,FASHION_PHOTOGRAPHY,Fashion Photography
PHOTOGRAPHER,PORTFOLIO_PHOTOSHOOT,Professional Portfolio Photoshoot
PHOTOGRAPHER,REAL_ESTATE_PHOTOGRAPHY,Property / Real Estate Photography
PHOTOGRAPHER,CANDID_WEDDING_PHOTOGRAPHY,Candid Wedding Photography
PHOTOGRAPHER,TRADITIONAL_WEDDING_PHOTOGRAPHY,Traditional Wedding Photography
PHOTOGRAPHER,RECEPTION_PHOTOGRAPHY,Reception Photography
PHOTOGRAPHER,HALDI_CEREMONY_PHOTOGRAPHY,Haldi Photography
PHOTOGRAPHER,MEHENDI_CEREMONY_PHOTOGRAPHY,Mehendi Photography
PHOTOGRAPHER,SANGEET_PHOTOGRAPHY,Sangeet Photography
PHOTOGRAPHER,ANNIVERSARY_PHOTOGRAPHY,Anniversary Photography
PHOTOGRAPHER,MODEL_PORTFOLIO_SHOOT,Model Portfolio Shoot
PHOTOGRAPHER,DRONE_PHOTOGRAPHY,Drone Photography
PHOTOGRAPHER,EVENT_VIDEOGRAPHY,Event Videography
PHOTOGRAPHER,WEDDING_VIDEOGRAPHY,Wedding Videography
PHOTOGRAPHER,CORPORATE_VIDEO_SHOOTING,Corporate Video Production
PHOTOGRAPHER,DOCUMENTARY_FILMMAKING,Documentary Video Production
PHOTOGRAPHER,PHOTO_EDITING_SERVICE,Photo Editing
PHOTOGRAPHER,ALBUM_DESIGN_SERVICE,Photo Album Design
PHOTOGRAPHER,PASSPORT_PHOTO_SERVICE,Passport Photos
PHOTOGRAPHER,GRADUATION_PHOTOGRAPHY,Graduation Photography
PHOTOGRAPHER,SPORTS_EVENT_PHOTOGRAPHY,Sports Event Photography
PHOTOGRAPHER,CONCERT_PHOTOGRAPHY,Concert / Live Event Photography
PHOTOGRAPHER,ARCHITECTURE_PHOTOGRAPHY,Architecture Photography
PHOTOGRAPHER,INTERIOR_PHOTOGRAPHY,Interior Photography
PHOTOGRAPHER,E_COMMERCE_PRODUCT_SHOOT,E-commerce Product Photography
PHOTOGRAPHER,YOUTUBE_CONTENT_SHOOTING,YouTube Video Shooting
PHOTOGRAPHER,REELS_CONTENT_SHOOTING,Instagram Reels / Short-form Video
PHOTOGRAPHER,LIVE_EVENT_STREAMING,Live Event Streaming
CATERING,WEDDING_CATERING,Wedding Catering
CATERING,BIRTHDAY_PARTY_CATERING,Birthday Party Catering
CATERING,CORPORATE_EVENT_CATERING,Corporate / Office Event Catering
CATERING,OFFICE_LUNCH_CATERING,Daily Office Lunch Catering
CATERING,BUFFET_CATERING_SERVICE,Buffet Catering
CATERING,LIVE_COUNTER_CATERING,Live Counter Catering
CATERING,NORTH_INDIAN_CATERING,North Indian Catering
CATERING,SOUTH_INDIAN_CATERING,South Indian Catering
CATERING,CHINESE_FOOD_CATERING,Chinese Catering
CATERING,CONTINENTAL_CATERING,Continental Catering
CATERING,SNACKS_AND_TEA_CATERING,"Tea, Snacks & Refreshments"
CATERING,COCKTAIL_PARTY_CATERING,Cocktail Party Catering
CATERING,BBQ_CATERING_SERVICE,BBQ / Grill Catering
CATERING,HIGH_TEA_CATERING,High Tea Catering
CATERING,BREAKFAST_CATERING,Breakfast Catering
CATERING,DINNER_PARTY_CATERING,Dinner Party Catering
CATERING,BULK_MEAL_CATERING,Bulk Meal Orders
CATERING,SCHOOL_EVENT_CATERING,School / Institution Catering
CATERING,RELIGIOUS_FUNCTION_CATERING,Religious Function Catering
CATERING,ANNIVERSARY_CATERING,Anniversary Catering
CATERING,ENGAGEMENT_CATERING,Engagement Catering
CATERING,HOUSEWARMING_CATERING,Housewarming / Griha Pravesh Catering
CATERING,BABY_SHOWER_CATERING,Baby Shower Catering
CATERING,RETIREMENT_PARTY_CATERING,Retirement Party Catering
CATERING,OUTDOOR_CATERING_SERVICE,Outdoor Catering
CATERING,HOME_PARTY_CATERING,House Party Catering
CATERING,DESSERT_COUNTER_CATERING,Dessert Counter
CATERING,ICE_CREAM_COUNTER_CATERING,Ice Cream Counter
CATERING,CHAAT_COUNTER_CATERING,Chaat Counter
CATERING,LIVE_PASTA_COUNTER_CATERING,Live Pasta Counter
CATERING,LIVE_DOSA_COUNTER_CATERING,Live Dosa Counter
CATERING,SWEETS_CATERING,Indian Sweets Catering
CATERING,VEGAN_CATERING,Vegan Catering
CATERING,JAIN_FOOD_CATERING,Jain Catering
CATERING,DIET_FOOD_CATERING,Healthy / Diet Catering
CATERING,BULK_TIFFIN_CATERING,Bulk Tiffin / Meal Orders
CATERING,CONFERENCE_CATERING,Conference / Seminar Catering
IT_SUPPORT,COMPUTER_REPAIR,Desktop / Computer Repair
IT_SUPPORT,LAPTOP_REPAIR,Laptop Repair
IT_SUPPORT,PRINTER_REPAIR,Printer Repair
IT_SUPPORT,PRINTER_INSTALLATION,Printer Installation
IT_SUPPORT,NETWORK_SETUP,Home / Office Network Setup
IT_SUPPORT,WIFI_ROUTER_SETUP,Wi-Fi Router Setup
IT_SUPPORT,WIRED_LAN_SETUP,LAN / Ethernet Setup
IT_SUPPORT,SERVER_SETUP,Server Setup
IT_SUPPORT,DATA_RECOVERY_SERVICE,Data Recovery
IT_SUPPORT,VIRUS_REMOVAL_SERVICE,Virus / Malware Removal
IT_SUPPORT,OPERATING_SYSTEM_INSTALLATION,Windows / OS Installation
IT_SUPPORT,SOFTWARE_INSTALLATION_SUPPORT,Software Installation & Setup
IT_SUPPORT,HARDWARE_UPGRADE_SERVICE,Computer Hardware Upgrade
IT_SUPPORT,RAM_UPGRADE,RAM Upgrade
IT_SUPPORT,SSD_UPGRADE,SSD Upgrade
IT_SUPPORT,MOTHERBOARD_REPAIR,Motherboard Repair
IT_SUPPORT,SCREEN_REPLACEMENT_LAPTOP,Laptop Screen Replacement
IT_SUPPORT,BATTERY_REPLACEMENT_LAPTOP,Laptop Battery Replacement
IT_SUPPORT,CCTV_INSTALLATION,CCTV Installation
IT_SUPPORT,CCTV_MAINTENANCE,CCTV Maintenance
IT_SUPPORT,BIOMETRIC_SYSTEM_INSTALLATION,Biometric Attendance Installation
IT_SUPPORT,ACCESS_CONTROL_SYSTEM_SETUP,Access Control System Installation
IT_SUPPORT,EMAIL_SETUP_SUPPORT,Email Setup & Configuration
IT_SUPPORT,VOIP_SETUP_SUPPORT,VoIP Phone / Calling Setup
IT_SUPPORT,CLOUD_BACKUP_SETUP,Cloud Backup Setup
IT_SUPPORT,IT_INFRASTRUCTURE_CONSULTING,IT Infrastructure Consulting
IT_SUPPORT,REMOTE_DESKTOP_SUPPORT,Remote IT Support
IT_SUPPORT,ANTIVIRUS_INSTALLATION,Antivirus Setup
IT_SUPPORT,FIREWALL_CONFIGURATION,Firewall Configuration
IT_SUPPORT,POS_SYSTEM_SETUP,POS System Setup
IT_SUPPORT,OFFICE_NETWORK_TROUBLESHOOTING,Office Network Troubleshooting
IT_SUPPORT,HOME_NETWORK_TROUBLESHOOTING,Home Wi-Fi / Network Troubleshooting
IT_SUPPORT,DATA_MIGRATION_SERVICE,Data Transfer / Migration
IT_SUPPORT,WEBSITE_HOSTING_SETUP,Website Hosting Setup
IT_SUPPORT,DOMAIN_CONFIGURATION_SUPPORT,Domain & DNS Setup
IT_SUPPORT,PRINTER_CARTRIDGE_REPLACEMENT,Printer Cartridge Replacement
IT_SUPPORT,COMPUTER_ANNUAL_MAINTENANCE_CONTRACT,Computer AMC / Annual Maintenance
IT_SUPPORT,SERVER_MAINTENANCE_CONTRACT,Server AMC / Maintenance
SOFTWARE_SOLUTIONS,WEBSITE_DEVELOPMENT,Website Development
SOFTWARE_SOLUTIONS,E_COMMERCE_WEBSITE_DEVELOPMENT,E-commerce Website / Online Store
SOFTWARE_SOLUTIONS,MOBILE_APP_DEVELOPMENT_ANDROID,Android App Development
SOFTWARE_SOLUTIONS,MOBILE_APP_DEVELOPMENT_IOS,iPhone / iOS App Development
SOFTWARE_SOLUTIONS,CUSTOM_SOFTWARE_DEVELOPMENT,Custom Software Development
SOFTWARE_SOLUTIONS,ERP_SOFTWARE_IMPLEMENTATION,ERP Software Setup / Implementation
SOFTWARE_SOLUTIONS,CRM_SOFTWARE_IMPLEMENTATION,CRM Software Setup / Implementation
SOFTWARE_SOLUTIONS,INVENTORY_MANAGEMENT_SOFTWARE,Inventory Management Software
SOFTWARE_SOLUTIONS,POINT_OF_SALE_SOFTWARE_DEVELOPMENT,POS / Billing Software
SOFTWARE_SOLUTIONS,SCHOOL_MANAGEMENT_SOFTWARE,School Management Software
SOFTWARE_SOLUTIONS,HOSPITAL_MANAGEMENT_SOFTWARE,Hospital Management Software
SOFTWARE_SOLUTIONS,PAYROLL_SOFTWARE_DEVELOPMENT,Payroll Software
SOFTWARE_SOLUTIONS,ACCOUNTING_SOFTWARE_SETUP,Accounting Software Setup
SOFTWARE_SOLUTIONS,DATABASE_DESIGN_AND_DEVELOPMENT,Database Design & Development
SOFTWARE_SOLUTIONS,API_DEVELOPMENT,API Development & Integration
SOFTWARE_SOLUTIONS,CLOUD_MIGRATION_SERVICE,Cloud Migration
SOFTWARE_SOLUTIONS,DEVOPS_CONSULTING,DevOps & Deployment Consulting
SOFTWARE_SOLUTIONS,UI_UX_DESIGN_SERVICE,UI/UX Design
SOFTWARE_SOLUTIONS,DIGITAL_MARKETING_SETUP,Digital Marketing Setup
SOFTWARE_SOLUTIONS,SEO_SERVICE,SEO / Search Optimization
SOFTWARE_SOLUTIONS,SOCIAL_MEDIA_MANAGEMENT,Social Media Management
SOFTWARE_SOLUTIONS,CHATBOT_DEVELOPMENT,Chatbot Development
SOFTWARE_SOLUTIONS,MACHINE_LEARNING_MODEL_DEVELOPMENT,Machine Learning / AI Development
SOFTWARE_SOLUTIONS,DATA_ANALYTICS_CONSULTING,Data Analytics & Reporting
SOFTWARE_SOLUTIONS,BUSINESS_INTELLIGENCE_DASHBOARD,Business Intelligence Dashboard
SOFTWARE_SOLUTIONS,QA_AND_SOFTWARE_TESTING,Software Testing / QA
SOFTWARE_SOLUTIONS,SOFTWARE_MAINTENANCE_AND_SUPPORT,Software Maintenance & Support
SOFTWARE_SOLUTIONS,LEGACY_SYSTEM_MODERNIZATION,Legacy Software Modernization
SOFTWARE_SOLUTIONS,WORDPRESS_WEBSITE_DEVELOPMENT,WordPress Website
SOFTWARE_SOLUTIONS,SHOPIFY_STORE_SETUP,Shopify Store Setup
SOFTWARE_SOLUTIONS,SAAS_PRODUCT_DEVELOPMENT,SaaS Product Development
SOFTWARE_SOLUTIONS,PAYMENT_GATEWAY_INTEGRATION,Payment Gateway Integration
SOFTWARE_SOLUTIONS,THIRD_PARTY_API_INTEGRATION,Third-Party API Integration
SOFTWARE_SOLUTIONS,SOFTWARE_SECURITY_AUDIT,Software Security Audit
SOFTWARE_SOLUTIONS,PENETRATION_TESTING_SERVICE,Penetration Testing
SOFTWARE_SOLUTIONS,IT_CONSULTING_FOR_STARTUPS,IT Consulting for Startups
SOFTWARE_SOLUTIONS,AUTOMATION_SCRIPT_DEVELOPMENT,Business Process Automation
SOFTWARE_SOLUTIONS,EXCEL_MACRO_DEVELOPMENT,Excel / VBA Automation
SOFTWARE_SOLUTIONS,CUSTOM_CRM_DEVELOPMENT,Custom CRM Development
HARDWARE_SHOP,HAND_TOOLS_SUPPLY,Hand Tools Supply
HARDWARE_SHOP,POWER_TOOLS_SUPPLY,Power Tools Supply
HARDWARE_SHOP,NUTS_AND_BOLTS_SUPPLY,Nuts and Bolts Supply
HARDWARE_SHOP,NAILS_AND_SCREWS_SUPPLY,Nails and Screws Supply
HARDWARE_SHOP,PLUMBING_FITTINGS_SUPPLY,Plumbing Fittings Supply
HARDWARE_SHOP,ELECTRICAL_FITTINGS_SUPPLY,Electrical Fittings Supply
HARDWARE_SHOP,PAINT_AND_BRUSHES_SUPPLY,Paint and Brushes Supply
HARDWARE_SHOP,DOOR_LOCKS_SUPPLY,Door Locks Supply
HARDWARE_SHOP,CABINET_HARDWARE_SUPPLY,Cabinet Hardware Supply
HARDWARE_SHOP,PIPE_FITTINGS_SUPPLY,Pipe Fittings Supply
HARDWARE_SHOP,WIRE_MESH_SUPPLY,Wire Mesh Supply
HARDWARE_SHOP,ADHESIVES_AND_SEALANTS_SUPPLY,Adhesives and Sealants Supply
HARDWARE_SHOP,SAFETY_EQUIPMENT_SUPPLY,Safety Equipment Supply
HARDWARE_SHOP,MEASURING_TOOLS_SUPPLY,Measuring Tools Supply
HARDWARE_SHOP,LADDERS_SUPPLY,Ladders Supply
HARDWARE_SHOP,GARDEN_TOOLS_SUPPLY,Garden Tools Supply
HARDWARE_SHOP,WELDING_EQUIPMENT_SUPPLY,Welding Equipment Supply
HARDWARE_SHOP,CUTTING_TOOLS_SUPPLY,Cutting Tools Supply
HARDWARE_SHOP,FASTENERS_SUPPLY,Fasteners Supply
HARDWARE_SHOP,CONSTRUCTION_HARDWARE_SUPPLY,Construction Hardware Supply
GROCERY,FRUITS_AND_VEGETABLES_SUPPLY,Fruits and Vegetables Supply
GROCERY,DAIRY_PRODUCTS_SUPPLY,Dairy Products Supply
GROCERY,GRAINS_AND_PULSES_SUPPLY,Grains and Pulses Supply
GROCERY,COOKING_OIL_SUPPLY,Cooking Oil Supply
GROCERY,SPICES_AND_MASALA_SUPPLY,Spices and Masala Supply
GROCERY,PACKAGED_SNACKS_SUPPLY,Packaged Snacks Supply
GROCERY,BAKERY_ITEMS_SUPPLY,Bakery Items Supply
GROCERY,BEVERAGES_SUPPLY,Beverages Supply
GROCERY,HOUSEHOLD_CLEANING_SUPPLIES,Household Cleaning Supplies
GROCERY,PERSONAL_CARE_PRODUCTS_SUPPLY,Personal Care Products Supply
GROCERY,FROZEN_FOOD_SUPPLY,Frozen Food Supply
GROCERY,DRY_FRUITS_SUPPLY,Dry Fruits Supply
GROCERY,BULK_GROCERY_ORDER_SUPPLY,Bulk Grocery Order Supply
GROCERY,ORGANIC_PRODUCE_SUPPLY,Organic Produce Supply
GROCERY,READY_TO_EAT_FOOD_SUPPLY,Ready to Eat Food Supply
MEDICAL_SUPPLIES,PRESCRIPTION_MEDICINE_SUPPLY,Prescription Medicine Supply
MEDICAL_SUPPLIES,OTC_MEDICINE_SUPPLY,OTC Medicine Supply
MEDICAL_SUPPLIES,SURGICAL_EQUIPMENT_SUPPLY,Surgical Equipment Supply
MEDICAL_SUPPLIES,WHEELCHAIR_RENTAL,Wheelchair Rental
MEDICAL_SUPPLIES,HOSPITAL_BED_RENTAL,Hospital Bed Rental
MEDICAL_SUPPLIES,OXYGEN_CONCENTRATOR_RENTAL,Oxygen Concentrator Rental
MEDICAL_SUPPLIES,BP_MONITOR_SUPPLY,BP Monitor Supply
MEDICAL_SUPPLIES,GLUCOMETER_SUPPLY,Glucometer Supply
MEDICAL_SUPPLIES,NEBULIZER_SUPPLY,Nebulizer Supply
MEDICAL_SUPPLIES,FIRST_AID_KIT_SUPPLY,First Aid Kit Supply
MEDICAL_SUPPLIES,DIABETIC_CARE_PRODUCTS_SUPPLY,Diabetic Care Products Supply
MEDICAL_SUPPLIES,ELDERLY_CARE_PRODUCTS_SUPPLY,Elderly Care Products Supply
MEDICAL_SUPPLIES,BABY_CARE_MEDICAL_PRODUCTS,Baby Care Medical Products
MEDICAL_SUPPLIES,ORTHOPEDIC_SUPPORT_SUPPLY,Orthopedic Support Supply
MEDICAL_SUPPLIES,PPE_KIT_SUPPLY,PPE Kit Supply
HARDWARE,COMPUTER_HARDWARE_SALES,Computer Hardware Sales
HARDWARE,LAPTOP_SALES,Laptop Sales
HARDWARE,CCTV_CAMERA_SALES,CCTV Camera Sales
HARDWARE,NETWORKING_EQUIPMENT_SALES,Networking Equipment Sales
HARDWARE,PRINTER_SALES,Printer Sales
HARDWARE,MOBILE_ACCESSORIES_SALES,Mobile Accessories Sales
HARDWARE,STORAGE_DEVICES_SALES,Storage Devices Sales
HARDWARE,MONITOR_SALES,Monitor Sales
HARDWARE,KEYBOARD_MOUSE_SALES,Keyboard Mouse Sales
HARDWARE,SERVER_HARDWARE_SALES,Server Hardware Sales
HARDWARE,UPS_AND_INVERTER_SALES,UPS and Inverter Sales
HARDWARE,CABLE_AND_CONNECTOR_SALES,Cable and Connector Sales
HARDWARE,GAMING_HARDWARE_SALES,Gaming Hardware Sales
HARDWARE,REFURBISHED_ELECTRONICS_SALES,Refurbished Electronics Sales
HARDWARE,IT_PERIPHERAL_SALES,IT Peripheral Sales
